TWM	2225
HEL	25034
NDP	20387
HEN	9949
SPY	19278
SPP	34882
SPQ	27716
SPR	33046
SPS	58023
SPT	38030
SPV	41828
SPW	8031
SPH	13110
SPI	28793
SPK	28557
SPL	58563
SPM	11069
SPN	23153
SPA	54171
SPC	8233
SPD	35965
SPE	52459
SPF	22779
SPG	41832
PQA	30451
PQC	3968
PQD	17665
PQE	23138
PQF	13180
PQG	27060
PQH	8780
PQI	19794
PQK	16593
PQL	33714
PQM	6743
PQN	13526
PQP	25803
PQQ	21187
PQR	17610
PQS	24218
PQT	22597
PQV	25091
PQW	5285
PQY	10114
ENA	41016
ENC	7528
RFW	5830
ENE	37250
RFT	22307
TWW	2032
GRV	63988
GRW	8972
GRT	44391
GRR	49779
GRS	45847
GRP	43143
GRQ	23028
GRY	24636
GRF	31494
GRG	65429
GRD	38786
GRE	41387
GRC	9536
GRA	56530
GRN	26783
GRL	71243
GRM	17067
GRK	39437
GRH	18051
GRI	53021
RFC	7878
HLY	12025
HLW	4776
HLV	30278
HLT	23500
HLS	29450
HLR	25722
HLQ	19274
HLP	25001
HLN	18535
HLM	10320
HLL	48221
HLK	24105
HLI	24271
HLH	12640
HLG	31040
ENT	25487
HLE	28203
HLD	27440
HLC	6022
HLA	34464
ENV	41018
RFD	25384
WSE	8483
HYE	9346
HYF	6849
WSF	5817
HYH	4837
WSH	3261
WSM	2732
PLV	58397
RLM	22216
RLL	109757
EDA	55580
EDF	32892
EDG	52802
EDD	44217
EDE	58693
RLE	64895
RLD	49104
RLG	75954
LMS	25064
EDN	23733
HYR	9938
EDL	78753
EDM	16504
LMH	8607
EDS	38020
EDP	28496
LMK	24742
EDV	56558
EDW	8545
EDT	29854
RLT	52188
RLW	13162
RLV	68501
RLQ	44817
RLP	48326
RLS	68278
LMG	26468
DPW	4674
DPV	35067
DPT	27971
DPS	38891
DPR	30845
DPQ	20938
DPP	13942
HYW	1760
DPY	15628
DPG	22855
DPF	18025
DPE	44742
DPD	34107
DPC	5653
DPA	45829
DPN	26324
DPM	9483
DPL	38339
DPK	31587
DPI	22810
DPH	10888
PNY	10209
CFL	10606
CFM	2141
CFK	5050
CFH	2344
CFI	6409
PNQ	11787
PNP	20686
CFD	6322
PNR	15780
PNT	19488
PNW	3751
PNV	25733
PNI	21676
PNH	7545
PNK	17777
PNM	7619
PNL	33008
AIC	13448
PNN	13825
PNA	26246
CFW	1807
PNC	5609
PNE	15833
PND	15948
CFP	4207
PNF	12983
MRY	7094
MRT	12791
MRV	16072
MRW	3582
MRP	9935
MRQ	12137
MRR	17451
MRS	14865
MRL	22736
MRM	6395
MRN	9456
MRH	7218
MRI	13408
MRK	15794
MRD	14821
MRE	19965
MRF	9126
MRG	14436
MRA	19796
MRC	2856
APY	18933
APR	34120
APS	48045
APP	41845
APQ	25192
APV	51392
APW	7733
APT	37210
APK	31654
APH	14766
API	32512
APN	20881
APL	59206
APM	11328
APC	7191
APA	68258
APF	23492
APG	55438
APD	31159
APE	48320
YAY	12116
YAT	20976
YAW	4564
YAV	24222
YAQ	17087
YAP	17261
YAS	25284
YAR	24091
YAM	8254
YAL	35377
YAN	16454
YAI	22077
YAH	10760
YAK	24372
YAE	27385
YAD	24240
YAG	28166
YAF	13459
YAA	35223
YAC	5702
CLL	24399
CLN	10371
CLH	6031
IMD	14376
PDY	17201
CLK	13128
IMI	10336
PDV	36327
CLF	9578
VCA	13774
CLG	16518
VCD	11359
VCE	11594
VCF	6792
VCG	18268
VCH	5337
VCI	9386
VCK	9404
VCL	15465
VCM	3277
VCN	8049
PDR	23360
VCP	9634
VCQ	6342
VCR	10330
VCS	14327
VCT	10508
VCV	11644
MDV	17289
VCY	4910
PDP	25428
WKI	5194
WKH	2712
WKK	9682
WKM	2829
WKL	9726
WKN	5913
WKA	8245
WKC	1737
WKE	9815
WKD	7298
WKG	7854
WKF	3899
WKY	3480
PDL	50402
WKQ	5347
WKP	5601
WKS	7267
WKR	7125
WKT	6254
WKW	1784
WKV	6554
FWL	8953
PDI	28831
IMV	12586
CLT	11765
PDE	32746
CLW	2496
PDC	7657
PDA	41763
DMA	19142
DMC	2768
DMD	13176
DME	14698
DMF	8991
DMG	15224
DMH	4566
DMI	15791
DMK	11610
DML	23936
DMM	5609
DMN	8753
DMP	11035
DMQ	8633
DMR	11829
DMS	12747
DMT	11135
DMV	19944
DMW	2032
DMY	6337
AKW	7751
PSK	30344
PSH	14259
PSI	33096
PSN	23696
PSL	57669
PSM	12293
PSC	9460
PSA	50439
PSF	26158
PSG	49155
PSD	29903
PSE	35443
PSY	19274
PSR	33781
PSS	59972
PSP	48069
PSQ	26012
PSV	41076
PSW	7876
PST	38488
HNA	11894
HNC	2371
HNE	8912
HND	8432
HNG	13372
HNF	7279
HNI	12239
HNH	5539
HNK	8419
HNM	3591
HNL	19196
HNN	7150
HNQ	6253
HNP	9857
HNS	8115
HNR	7359
HNT	6965
HNW	1978
HNV	12310
HNY	5455
SRC	8131
SRA	48496
SRF	29745
SRG	44717
SRD	33121
SRE	44385
SRK	36274
SRH	15052
SRI	39337
SRN	26642
SRL	69766
SRM	14943
SRR	46476
SRS	56190
SRP	33617
SRQ	26300
SRV	42455
SRW	8359
SRT	33216
SRY	21673
TDK	29024
NMW	1406
NMT	9118
TDH	11534
NMR	7740
TDN	21439
TDM	10500
TDL	50418
TDC	6280
TDA	42163
TDG	37407
TDF	22685
TDE	39042
TDD	29380
NMF	6907
NMG	11979
TDY	18164
NME	10309
NMC	1673
NMA	13498
TDS	35983
TDR	24694
TDQ	16003
TDP	28625
TDW	6077
TDV	37667
NMH	3049
TDT	28274
FHM	3317
FHL	15425
FHN	6979
FHI	8539
FHH	5211
FHK	8598
FHE	9970
FHD	8925
FHG	13463
FHF	8998
FHA	11755
FHC	2767
FHY	6106
FHT	9202
FHW	2035
FHV	9510
FHQ	8583
FHP	14019
FHS	11991
FHR	9515
HLF	15329
DRY	20786
DRQ	19004
DRP	22475
DRS	29654
DRR	27512
DRT	21932
DRW	6117
DRV	44131
DRI	42706
DRH	11971
DRK	25516
DRM	13138
DRL	63570
DRN	17566
DRA	38247
DRC	7260
DRE	33090
DRD	30524
DRG	29329
DRF	27497
MPF	8389
MPG	18115
MPD	10200
MPE	15590
MPC	2379
MPA	15784
AVT	58670
AVV	86606
AVW	9235
AVP	44934
AVQ	39929
AVR	64615
AVS	70656
AVL	112706
AVM	26752
AVN	39664
AVH	22717
AVI	70105
MPP	12208
MPQ	10499
AVD	57194
AVE	77218
AVF	38854
AVG	76182
AVA	122735
MPY	6931
RMN	9209
ELR	72780
YGG	31434
YGF	20560
YGE	24608
YGD	22695
YGC	6083
YGA	29252
YGN	17284
YGM	9746
YGL	39875
YGK	23219
YGI	26162
YGH	11693
YGW	6237
YGV	29195
YGT	22542
YGS	27619
YGR	22871
YGQ	15364
YGP	17972
YGY	14555
MFW	1731
VAK	62125
VAH	24396
VAI	61911
VAN	40660
VAL	101762
VAM	24631
VAC	13987
VAA	128614
VAF	37507
VAG	85586
VAD	66218
VAE	83135
RLN	38117
VAR	63802
VAS	68667
VAP	44520
VAQ	42763
VAV	85816
VAW	9585
VAT	60616
RLH	25613
RLK	63059
LMP	19652
TQW	4670
LMQ	17108
EDH	12493
RLF	36532
LMT	20803
LMV	23285
LMW	3266
EDR	30732
LMI	18650
EDQ	20791
LML	32161
LMM	9880
LMN	17178
LMA	35020
RWA	9507
EDY	22823
RWD	5437
RWE	6259
RWF	5103
RWG	7141
RWH	2706
LMD	23426
RWK	6182
RWL	17296
RWM	2728
RWN	4823
LME	27332
RWP	5079
RWQ	5695
RWR	9956
RWS	6503
RWT	4966
LMF	11858
RWV	7615
RWW	2038
RWY	3886
RLR	74528
NHF	8356
EQY	16032
KNF	21135
EQP	18347
KND	21718
STD	33347
STE	37617
STF	28841
STG	52446
STA	53381
STC	10380
STL	72803
STM	13454
STN	26870
STH	15385
STI	41509
KNC	7297
STT	45052
STV	45959
STW	7336
STP	42713
STQ	24031
STR	32270
STS	65838
EQV	41868
STY	19030
TFM	8894
TFL	38286
TFN	17825
TFI	22906
TFH	10138
TFK	21086
NCP	6463
TFD	26396
TFG	28111
TFF	16591
TFA	28289
NCV	6604
NCW	1334
NCH	3252
NCI	7140
NCK	5769
TFY	12141
NCM	1921
NCN	4333
TFT	24741
TFW	4241
TFV	26155
NCD	6248
NCE	5645
TFS	32386
NCG	7671
LID	70729
LIE	74288
LIF	36267
FNT	17403
FNS	21376
LIA	86065
FNQ	13668
LIC	13323
LIL	81706
LIM	16200
LIN	49949
KNY	18302
LIH	23037
LII	51616
FNY	10151
LIK	59715
LIT	55107
EQA	54208
LIV	58833
FND	19139
LIP	49236
LIQ	39243
FNA	22510
LIS	69209
FNN	17164
FNM	6390
FNL	28829
FNK	19222
EQC	6302
FNI	19847
FNH	7839
ACE	13956
KNR	23587
NEI	37214
KNS	29852
NEF	18658
EQG	35274
HFP	10194
KNQ	17533
NED	25473
HFR	10437
HFT	9760
HFW	2552
ACL	18580
RHY	9627
HFI	11807
KAA	83210
KAG	64969
KAF	37666
KAE	56935
KAD	39704
KAK	62185
RHP	15376
RHS	15338
RHR	19264
KAN	30377
KAM	23535
KAL	100125
RHI	15724
KAR	47493
KAQ	35600
KAP	30000
RHM	5482
KAV	65033
KAT	41184
RHA	19085
ACW	2078
KAY	25754
RHE	13196
SYI	21744
RHG	22128
HFL	17156
VQQ	24258
ACT	9020
SYN	15935
HFA	13251
VQT	21910
ACY	5181
SYR	19893
HFE	11351
VQH	10370
HFD	13693
SYP	16013
NEP	18261
VQN	19555
HFF	7994
VQM	9391
ATF	27151
ATG	67378
ATD	40196
ATE	45749
ATC	10794
ATA	79443
ATN	28837
ATL	86133
ATM	17644
ATK	38262
ATH	17298
ATI	46329
ATV	65552
ATW	7779
ATT	49574
EMF	12265
ATR	40255
ATS	52464
ATP	43918
ATQ	28969
RGT	35303
ATY	20149
EMC	3448
RGY	25373
CFN	4826
RGA	49801
CFF	4283
EMV	23502
CFG	7389
EMQ	11028
PNS	24487
RGE	47267
CFE	5783
RGF	29714
RGG	57939
CFC	2369
CFA	7246
EMY	7689
CFY	3584
CFV	7678
CFT	5407
CFR	6072
CFS	8457
PNG	26722
CFQ	3760
EQR	29418
MEE	26254
MED	16295
GDR	41698
GDS	41783
GDT	42246
YEI	21068
YEH	7465
YEK	25418
YEM	8389
YEL	29135
YEN	16503
YEA	27035
YEC	7660
YEE	27176
YED	20216
YEG	22511
YEF	12667
YEY	9984
GDY	23948
YEQ	14337
YEP	12818
YES	18488
YER	19054
YET	18315
YEW	3235
YEV	23299
GDA	50517
GDC	8329
MEQ	13959
MEP	9435
VGL	76898
VGM	20038
VGN	32841
VGH	19731
VGI	53498
VGK	54673
VGD	56148
VGE	56834
VGF	34588
VGG	76854
VGA	74338
VGC	12258
VGY	26563
VGT	50271
VGV	59272
VGW	8076
VGP	34043
VGQ	30344
VGR	49274
VGS	54174
WWT	1415
WWW	562
WWV	1615
WWQ	1619
WWP	1735
WWS	2075
WWR	1991
GDL	65680
WWY	1451
WWE	1558
WWD	1981
WWG	2024
WWF	1529
WWA	2128
WWC	373
WWM	698
WWL	3056
WWN	3047
WWI	1272
WWH	792
WWK	1985
FSA	39387
FSC	7418
FSD	31032
FSE	32692
FSF	25524
FSG	42555
FSH	14982
FSI	30965
FSK	33325
FSL	49203
FSM	10517
FSN	23644
FSP	28622
FSQ	22575
FSR	30002
FSS	46470
FST	31357
FSV	34883
FSW	6905
FSY	17479
VHV	19465
DIL	69588
DIM	13455
DIN	29306
DIH	15229
DII	50719
DIK	40116
DID	48012
DIE	49824
DIF	25403
DIG	35322
DIA	57554
DIC	9670
DIY	21747
DIT	36816
DIV	53683
DIW	6825
DIP	37590
DIQ	24608
DIR	34468
DIS	43837
IRY	16050
IRP	26124
IRQ	29628
IRR	43780
IRS	37001
IRT	32475
IRV	35029
IRW	5211
IRH	15833
IRI	30505
IRK	41119
IRL	44680
IRM	11081
IRN	30532
IRA	47923
IRC	6879
IRD	40346
IRE	53605
IRF	19619
IRG	35002
PWV	6393
PWW	1833
PWT	5906
PWR	5966
PWS	5516
PWP	5397
PWQ	4664
PWY	3163
PWF	4882
PWG	9280
PWD	5323
PWE	5564
PWC	1565
PWA	6747
PWN	4586
PWL	10778
PWM	2371
PWK	4401
PWH	2342
PWI	5381
NAC	6484
NAA	51633
NAF	20908
NAG	40048
NAD	30771
NAE	35358
NAK	33145
NAH	10645
NAI	38381
NAN	21257
NAL	61495
NAM	13606
NAR	29379
NAS	36121
NAP	23314
NAQ	21694
NAV	41873
NAW	6058
NAT	30712
NAY	15359
ILC	14073
ILN	49113
ILL	89978
SVN	31193
SVL	81225
SVM	17833
SVK	43906
SVH	16517
SVI	50181
SVF	33013
SVG	52487
SVD	48172
SVE	53386
SVC	12417
SVA	68265
PER	34638
SVY	23747
SVV	58313
SVW	8103
SVT	49541
PES	39866
SVR	40659
SVS	67769
SVP	42546
SVQ	29047
ILV	64881
WRG	9498
ILW	8696
ILT	59529
PEH	15538
ILS	74922
LKN	60819
LKL	83658
LKM	18992
LKK	93035
LKH	24804
LKI	52874
LKF	28926
FLP	33626
LKD	73340
FLR	39252
FLT	37601
FLW	8238
FLV	39263
FLI	36220
FLH	20087
FLK	44956
FLM	14067
FLL	64832
LKY	29105
FLA	53333
LKW	9495
LKT	57929
FLE	47374
LKS	72147
FLG	49704
LKQ	54109
PYH	7316
PEC	7485
KCE	7257
KCD	8032
KCG	9880
KCF	5739
KCA	5954
KCC	2906
KCM	1843
KCL	11150
KCN	5379
KCI	7819
KCH	3562
KCK	8197
KCT	5416
KCW	1359
KCV	7997
KCQ	4467
KCP	7095
KCS	8320
KCR	6489
KCY	4628
KGQ	25078
QDG	22386
QDD	17405
QDE	21354
QDC	4931
KGV	51595
QDN	12475
WAN	5511
QDV	26638
KGC	7314
WAF	5607
QDR	15749
KGD	36257
NLQ	29672
KGG	44071
TKG	30408
KGF	29131
NLS	53486
TKE	43457
TKC	5703
TKA	40781
TKN	22957
QDY	10941
HMV	6335
HMW	1187
TKK	39281
TKH	10554
HMS	4700
NLA	51111
HMM	2439
TKT	29240
NLE	46211
TKS	30961
NLG	43745
NLF	30260
HMD	4977
NLH	17283
HMF	2917
HMA	6363
NLN	34532
ESP	27692
DLF	40224
DLH	22070
HML	9727
MKG	14977
MKF	9963
MKE	23629
MKD	16340
AIY	23416
GNT	27537
AIT	46766
AIW	6568
VEV	66089
VEW	9282
VET	46998
AIV	65521
VER	60171
VES	48537
VEP	31899
VEQ	39332
AIQ	34044
VEY	25306
VEF	29631
VEG	62801
VED	48830
VEE	75344
MKI	19832
VEA	82292
VEN	38822
VEL	78311
MKH	6066
VEK	66992
VEH	19116
VEI	53767
MKW	2908
WQY	2439
MKV	17822
WQW	1509
WQV	5883
WQT	5170
WQS	5752
WQR	6968
WQQ	6512
WQP	5469
WQN	3832
WQM	2421
WQL	8294
WQK	6309
WQI	4344
WQH	2652
WQG	6955
AII	53242
WQE	7853
WQD	5580
WQC	2025
FIA	33688
WQA	9587
AIH	17240
FQK	17753
FQH	6888
FQI	12587
FQN	13771
AIK	53079
FQL	21876
FQM	4708
FQC	3887
MKP	11581
FQF	8795
FQG	17934
FQD	13609
FQE	18520
PYM	5677
FQY	7433
GNK	26113
FQR	15825
FQS	16859
FQP	13334
FQQ	14721
FQV	15230
FQW	2299
FQT	13854
GNI	35941
ESG	52034
GNN	20562
RHK	12048
PDW	7218
RSL	68517
RSM	15393
RSN	23143
RSH	16073
RSI	36845
RSK	33073
RSD	25768
RSE	33492
RSF	25472
RSG	49912
RSA	48580
RSC	9143
RSY	19140
RST	30331
RSV	41941
RSW	7701
RSP	31911
RSQ	24669
RSR	48014
RSS	47724
DKV	47947
DKW	5581
DKT	27953
DKR	24419
DKS	29900
DKP	24590
DKQ	18577
DKY	17908
DKF	21693
DKG	29699
DKD	31659
DKE	39254
DKC	6095
DKA	44211
DKN	24913
DKL	62926
DKM	13472
DKK	40557
DKH	10515
DKI	47093
IPC	7157
IPA	46019
IPF	26242
IPG	40595
IPD	26712
IPE	39308
PYP	14270
IPK	26613
PYR	15107
PYS	18502
PYT	15270
PYV	19168
PYW	3428
IPR	23214
PYI	19048
IPP	26917
IPQ	19935
IPV	50280
IPW	5330
IPT	32651
PYA	19530
IPY	18389
PYD	12389
PYE	15559
PYF	13052
PYG	16132
NGD	29642
NGE	38371
NGF	21852
NGG	36145
HDS	11449
NGA	36328
HDQ	7095
NGC	7841
NGL	45636
NGM	10422
NGN	24433
NGH	13351
NGI	36082
HDY	7207
NGK	40466
NGT	33280
HDF	10039
NGV	38488
NGW	6839
NGP	16652
NGQ	21852
NGR	27860
NGS	36876
HDN	7008
HDM	4475
HDL	21520
HDK	8926
NGY	19055
HDI	14494
HDH	6416
SHP	19057
SHQ	11556
SHR	17743
SHS	21822
SHT	14626
SHV	17888
SHW	3409
SHY	9999
RMP	9877
SHA	18778
SHC	4700
SHD	13577
SHE	13635
SHF	12914
SHG	21248
SHH	9659
ECC	2524
SHK	12328
SHL	33836
SHM	6237
SHN	11694
MGC	5148
MGA	28370
MGG	28210
MGF	16218
MGE	18342
MGD	16843
MGK	16980
MGI	21174
MGH	9201
MGN	11417
MGM	9485
MGL	31432
MGS	20555
MGR	16553
MGQ	11725
MGP	11760
MGW	4573
MGV	23093
MGT	13886
MGY	10977
ECM	2867
ECL	15323
ECK	8485
ECI	8308
ECH	3320
ECW	1885
RMC	2929
LNN	36592
RMF	7573
RMG	19025
RMD	9758
QFT	13516
QFV	17357
ECP	6917
QFP	11564
QFQ	10592
QFR	13097
QFS	17395
QFL	27099
QFM	6226
QFN	11784
QFH	7780
QFI	16824
QFK	14030
QFD	15640
QFE	17484
QFF	10889
QFG	20964
RMH	6007
QFC	4040
KEN	38589
KEM	22559
RMI	12313
KEK	71764
KEI	68873
KEH	17340
KEG	54007
KEF	33296
KEE	68773
KED	37381
KEC	9651
KEA	71773
LNC	9518
KEY	25476
KEW	8182
KEV	57995
KET	40508
KES	39557
KER	46749
KEQ	33263
KEP	22221
WSW	2034
EPY	14270
EPT	25578
EPN	13306
KQA	37664
KQF	19414
EPH	8501
EPI	26370
EPF	18767
KQI	30034
EPE	36870
KQN	16015
EPA	32751
HMK	4559
NNR	17159
YYT	10957
YYW	2659
YYV	10850
YYQ	9253
YYP	7879
YYS	13183
YYR	11482
YYY	7215
YYE	10610
YYD	12660
YYG	15446
YYF	8034
YYA	11823
YYC	3705
YYM	3652
YYL	18163
YYN	11092
YYI	9917
YYH	4829
YYK	11004
WSA	8927
HYA	11657
WSC	2148
HYC	3042
HYD	7882
WSD	7305
WSG	8736
HYG	10941
WSI	6378
HYI	7669
WSK	7505
HYK	7534
HYL	14505
WSL	11999
HYN	6371
WSN	4811
WSQ	6100
HYQ	6029
WSS	9497
WSR	8561
HYT	8797
WST	6015
HYV	9496
WSV	7649
WSY	4573
HYY	5426
YVS	24132
VKY	18100
VKP	33919
VKQ	29687
VKR	45064
VKS	44794
VKT	40178
VKV	57504
VKW	5884
VKH	15060
VKI	40167
VKK	56906
VKL	56752
VKM	13559
VKN	36174
VKA	66957
VKC	8389
VKD	46395
VKE	66043
VKF	21742
VKG	49073
WQF	2953
FWM	2615
FWN	4171
FWH	2560
FWI	5493
FWK	5125
FWD	4886
FWE	5092
FWF	3309
FWG	6810
FWA	6443
FWC	1270
FWY	2040
FWT	4530
FWV	5114
FWW	1039
FWP	3199
FWQ	4988
FWR	5101
FWS	5414
CYC	2090
NHA	11253
RQV	29975
RQW	5535
RQT	20404
RQR	33689
RQS	22644
RQP	18030
RQQ	24631
RQY	11883
RQF	16946
RQG	29726
RQD	16181
RQE	25971
RQC	5157
RQA	45115
RQN	13695
RQL	52528
RQM	12732
RQK	24594
RQH	11222
RQI	26864
DEY	21273
DEP	26948
DEQ	26788
DER	34117
DES	38877
DET	34150
DEV	62712
DEW	7747
DEH	14355
DEI	59018
DEK	42314
DEL	83234
DEM	18033
DEN	34941
DEA	69325
DEC	8917
DED	50846
DEE	69563
DEF	29538
DEG	36221
ACC	4324
MDK	16535
MDH	5127
GPQ	19645
FKE	31815
MDI	16347
MDN	9553
IVD	50353
IVE	57206
IVF	27337
IVG	64182
IVA	68029
IVC	10823
IVL	61037
IVM	15110
IVN	34721
MDM	5863
IVH	17658
IVI	40140
IVK	44143
IVT	44033
IVV	54103
IVW	6938
IVP	32768
IVQ	24938
IVR	41285
IVS	52530
IVY	19139
NEN	23461
ACA	18427
NEM	10878
ACG	19637
NEK	33930
NEH	9024
ACD	9241
HFQ	6893
NEG	24091
HFS	13721
NEE	36666
NEC	6608
ACM	3415
HFV	13328
ACS	12973
ACR	11593
ACQ	8186
ACP	11101
HFM	3538
ACV	14366
NEY	14186
NEV	31942
NEW	5321
NET	24081
NER	23024
NES	25149
HFG	15491
NEQ	19231
MDY	8879
MDR	13567
ACF	7526
GGL	87443
GDP	33410
GDQ	22756
MEG	17529
MDQ	9375
MEA	23962
GDV	60894
GDW	9109
MEM	8039
MEL	26562
MEN	14930
MEI	17162
MEH	6352
MEK	25263
MDW	3408
MET	15204
MEW	2505
MEV	19602
GDD	40728
GDE	44280
MES	17204
GDG	53638
GDH	14188
GDI	52227
GDK	40759
MEY	8196
GDM	16485
GDN	26475
LWY	4297
LWR	12289
LWS	11484
LWP	8031
LWQ	10419
LWV	11210
LWW	2974
LWT	8467
LWK	11606
LWH	4887
LWI	10460
LWN	8727
LWL	19868
LWM	3904
LWC	2845
LWA	12586
LWF	8218
LWG	12033
LWD	11085
LWE	11266
ACK	9433
QIF	17478
QDF	15181
KGP	24085
KGS	39733
KGR	38794
KGT	34447
KGW	8426
QDA	27289
KGY	25188
QDL	38629
QDM	8882
QDK	18690
QDH	7072
QDI	26118
KGA	44125
QDW	5289
QDT	15966
KGE	48336
QDS	20550
QDP	17370
QDQ	12626
KGI	49894
KGH	15854
KGK	57522
KGM	16664
KGL	66069
KGN	25985
CPH	4519
CPI	7801
CPK	7268
CPL	10032
CPM	2281
CPN	7122
ACH	4945
CPA	9547
CPC	3355
CPD	7171
CPE	9985
CPF	5566
CPG	9603
CPY	3799
CPP	9826
CPQ	6156
CPR	6532
CPS	10393
CPT	8706
CPV	10751
CPW	1473
ACN	6420
AWY	5018
AWW	3149
MQH	4148
AWS	10115
MQL	16328
AWP	5939
NHS	12450
AWM	3937
AWL	20294
AWI	7678
AWH	3913
AWG	9714
HTT	11255
QKK	29423
RLI	57968
KFT	17721
KFS	24160
KFP	14612
DQE	21088
QKL	51953
QKD	19355
QKY	14617
DQI	27032
QKS	22774
QKQ	21680
TYL	26484
TYM	5970
TYN	13728
VIA	76679
TYH	7554
VIG	71439
VID	58231
TYK	15031
TYD	16470
VIK	43332
TYF	11571
VII	40092
VIN	36757
TYA	18833
VIL	65862
TYC	4570
VIR	39966
VIS	57830
VIP	37369
VIQ	24529
VIV	56959
VIW	6241
VIT	47507
TYT	15823
TYV	16903
VIY	20524
TYP	13087
TYQ	12834
TYR	16078
TYS	20605
MAA	44934
RLA	98359
RLC	13963
DGC	8499
DGA	52714
DGF	29736
DGG	42268
DGD	41352
DGE	49220
DGK	54793
DGH	14710
DGI	43534
DGN	25938
DGL	66087
DGM	15593
DGR	47784
DGS	56102
DGP	25393
DGQ	29323
DGV	59914
DGW	8808
DGT	50180
DGY	21490
ITN	30036
ITL	54066
ITM	10496
ITK	36497
ITH	16506
ITI	37775
ITF	23119
ITG	51785
ITD	41222
ITE	42208
ITC	7994
ITA	52173
ITY	17418
ITV	45768
ITW	6159
ITT	37285
ITR	32604
ITS	46041
ITP	36456
ITQ	24239
AAE	106591
AAD	73771
AAG	135873
AAF	52831
AAA	225684
AAC	21788
ELK	85381
AAM	38668
AAL	173994
AAN	48023
AAI	90680
AAH	31103
AAK	86427
AAT	77552
AAW	15271
AAV	118921
AAQ	65749
AAP	65017
AAS	96376
AAR	101222
LQK	52342
RDQ	17985
AAY	37978
RDS	31785
RLY	28360
ELM	27193
SLY	33314
SLT	65348
ELF	46240
SLV	79068
SLW	13945
SLP	69333
SLQ	48009
SLR	67403
SLS	98080
SLL	128955
SLM	24474
SLN	46812
SLH	27255
SLI	68525
SLK	67951
SLD	66103
SLE	79056
SLF	48403
SLG	84652
SLA	100366
SLC	17543
MCN	2297
MCM	1139
GFY	17154
MCK	2704
MQP	7205
MCI	2990
MCH	1466
GFR	29049
GFS	43669
GFP	27379
GFQ	17720
MCC	1109
GFW	6171
MCA	3487
GFK	29292
GFH	13212
RDF	26890
GFN	22937
GFL	49263
GFM	11015
MCW	455
MCV	3062
GFA	42635
MCS	3736
GFG	50407
GFD	36171
GFE	34840
LQY	18517
LQT	36705
LQV	38387
LQW	7330
LQP	35134
LQQ	49486
LQR	50344
LQS	47839
LQL	60906
LQM	13810
LQN	34951
LQH	20018
LQI	31116
ELS	77515
LQD	43552
LQE	64602
LQF	21318
LQG	47107
LQA	69549
LQC	8269
RDN	19914
RDI	38100
ELW	11887
RDK	26519
HRQ	9898
KIY	21560
KIS	45455
KIR	36538
KIQ	23731
KIP	28627
KIW	7842
KIV	48371
KIT	40285
KIK	48871
KII	55262
KIH	14799
KIN	33232
KIM	13817
KIL	67640
KIC	9654
KIA	54452
KIG	41305
KIF	26949
KIE	45819
KID	38402
CRR	9896
CRS	9637
CRP	7072
CRQ	6592
CRV	9282
CRW	1479
CRT	6771
CRY	4220
CRC	3309
CRA	11094
CRF	6668
CRG	8197
CRD	9691
CRE	10048
CRK	8324
CRH	3943
CRI	7299
CRN	7230
CRL	12863
CRM	2686
HRN	8721
HRI	15561
EYG	25108
EYI	22739
EYH	6960
EYM	7865
LPR	44549
IPS	35897
EYN	12053
LPN	34304
EYS	18838
EYR	19024
EYW	4604
EYV	25298
NTC	6100
LPG	70425
VIC	13103
VIF	27855
TYI	15174
VIE	58578
TYE	18677
HFC	3299
VIH	16053
ICK	9107
TYG	23090
FMK	8517
CNT	6011
VIM	13676
ICN	7872
ICM	2899
ICL	15807
TYY	9554
RNN	16758
CNY	3356
TYW	2760
ICY	5714
GTP	48565
ICS	12480
ICQ	5726
CNM	2538
ICV	9091
FME	9194
CNI	6377
GTR	31227
NWM	2181
CIC	2787
CIA	10816
CIG	10368
CIF	5797
CIE	7789
CID	8107
CIK	7372
CII	8953
CIH	2861
CIN	7036
CIM	2281
CIL	10924
CIS	10553
CIR	6898
CIQ	5013
CIP	6541
CIW	1173
CIV	10579
CIT	7139
CIY	5345
DAD	50891
DAE	56445
DAF	34898
DAG	59050
DAA	83896
DAC	9667
DAL	102487
DAM	20015
DAN	26804
DAH	16054
DAI	60713
DAK	40316
DAT	41566
DAV	73004
DAW	8385
DAP	34241
DAQ	28942
DAR	38832
DAS	47215
DAY	22093
GTW	7714
AGN	36581
AGM	31227
NYY	10157
AGK	65104
AGI	76381
AGH	26750
AGG	95461
AGF	49162
AGE	67266
AGD	60249
AGC	17857
NYW	3223
AGA	115911
NYK	12852
NYH	6331
NYI	18128
NYN	11476
AGY	34126
NYM	4964
AGW	13265
AGV	97842
AGT	64624
NYF	12784
NYG	16560
NYD	15212
AGP	42514
NMV	12125
TDI	37015
NMS	10733
SNF	20649
SNG	34604
MAS	29468
MAR	26761
SNC	8060
MAW	4235
SNA	33415
SNN	30999
SNL	48505
SNM	10778
SNK	26579
SNH	10624
SNI	36999
SNV	32032
SNW	5909
SNT	27587
SNR	21893
SNS	42643
MAG	30499
MAF	15835
MAI	22145
MAH	10026
MAK	32546
MAM	10865
MAL	40016
SNY	16016
EVH	16295
EVI	63715
EVK	58846
EVL	93885
EVM	21854
EVN	29321
EVA	71115
EVC	11065
EVD	47140
EVE	68184
EVF	33747
EVG	46878
EVY	25065
EVP	37182
EVQ	31670
EVR	52056
EVS	50618
EVT	51187
EVV	71609
EVW	10428
LSF	47358
LSG	100153
LSD	75359
LSE	88834
LSC	17380
LSA	102204
LSN	53368
LSL	119559
LSM	24882
LSK	79695
LSH	31296
LSI	60257
LSV	77724
LSW	13851
LST	67173
LSR	74376
LSS	100521
LSP	68432
LSQ	58227
LSY	33818
NMN	8070
NML	15873
QHR	10016
QHS	10972
QHP	11567
QHQ	11617
QHV	11827
QHW	2200
QHT	7357
KKT	39298
KKW	8751
KKV	58622
KKQ	31841
KKP	32331
KKS	48977
KKR	48396
KKM	19952
KKL	86148
KKN	35186
KKI	61746
KKH	17622
KKK	69719
QHE	9041
KKE	59433
KKD	38128
KKG	51043
KKF	28929
KKA	66880
QHL	20997
QHM	3722
CTT	7051
CTV	10315
CTW	1429
CTP	7461
CTQ	3970
CTR	6905
CTS	8980
CTY	3956
CTD	7784
CTE	7994
CTF	5426
CTG	11254
CTA	9852
CTC	3635
CTL	11081
CTM	2675
CTN	5528
CTH	3539
CTI	7620
CTK	5620
CMG	3350
CME	3268
NPL	39959
NPN	23615
NPI	22062
NPH	10452
AHD	15426
AHK	15393
AHH	11073
YSK	20960
YSI	20987
YSH	8779
YSN	15493
YSM	7534
YSL	35535
YSC	5756
NPA	32344
YSA	23973
YSG	27229
YSF	16567
YSE	22080
YSD	19837
YSY	12598
NPC	5118
YSS	29380
YSR	21113
YSQ	14528
YSP	18219
YSW	4738
YSV	24010
YST	20826
NPY	13950
AHY	11203
WYW	1366
WYV	3277
WYT	3257
WYS	4156
WYR	4327
WYQ	2885
WYP	2608
WYY	2235
WYG	4859
WYF	4768
WYE	3359
WYD	3630
WYC	945
WYA	3593
WYN	2867
WYM	1386
WYL	6060
WYK	3867
WYI	2704
WYH	1780
VMN	13001
VML	25370
VMM	7621
VMK	15857
VMH	6513
VMI	14403
VMF	9815
VMG	21712
VMD	17519
VME	20297
VMC	4240
VMA	27696
VMY	5885
VMV	21784
VMW	2198
VMT	16094
VMR	15170
VMS	18263
VMP	15417
VMQ	11032
FYC	4030
FYA	16353
FYF	10149
FYG	18081
FYD	14791
FYE	15079
FYK	14094
FYH	6316
FYI	11908
FYN	12700
FYL	21151
FYM	4943
FYR	14124
FYS	16204
FYP	10419
FYQ	11529
FYV	12803
FYW	2879
FYT	14424
FYY	8308
ECG	14934
QSC	6032
QSA	31294
QSG	31719
QSF	17962
QSE	23801
QSD	18538
QSK	20902
QSI	28188
QSH	9935
QSN	16272
QSM	9370
QSL	51046
QSS	34213
QSR	22644
QSQ	20930
QSP	22945
QSW	5695
QSV	29544
QST	21268
QSY	13635
ECF	5997
PAP	55103
PAQ	27030
CKG	7067
PAS	52141
CKA	10333
CKC	2712
PAW	8462
CKM	2463
CKL	10393
CKN	7011
CKI	7530
CKH	3352
CKK	9710
CKT	6872
CKW	1188
CKV	9014
PAD	43899
PAE	46495
PAF	25946
PAG	56724
PAH	15658
PAI	36539
PAK	32429
PAL	70013
PAM	16025
PAN	25820
DCN	4478
DCL	13537
DCM	2235
DCK	7107
DCH	3745
DCI	7606
DCF	5339
DCG	11756
DCD	7237
DCE	7476
DCC	2708
DCA	9477
DCY	4214
DCV	9849
DCW	1990
DCT	6643
DCR	7384
DCS	9769
DCP	7567
DCQ	4683
VYF	13565
IHY	7454
IHR	17610
IHS	18790
IHP	14782
IHQ	12573
IHV	14911
IHW	2697
IHT	17640
IHK	12151
IHH	7673
IHI	13750
IHN	11587
IHL	20033
IHM	4212
IHC	4279
IHA	19365
IHF	10400
IHG	17486
IHD	12575
IHE	14914
AEQ	51321
AEP	33804
AES	51904
AER	72084
AET	50485
AEW	9729
AEV	76388
AEY	27912
AEA	111425
AEC	10149
AEE	84710
AED	50471
AEG	68303
AEF	33429
AEI	67338
AEH	24407
AEK	72202
AEM	26066
AEL	111077
AEN	40158
VYE	24522
ECN	5108
KMG	14814
ETS	36703
KME	14132
KMD	12318
KMC	2372
ETW	8545
KMA	20897
KMN	9900
KMM	6752
ETY	18379
KMK	18148
KMI	14850
KMH	5338
KMW	2016
KMV	16709
ETA	50991
KMS	15662
ETG	47686
KMQ	8872
ETE	42163
ETK	33015
ETH	11589
ETI	45826
ETN	19684
KMY	6535
ETM	14979
QNT	14574
QNV	20016
QNW	3477
QNP	15158
QNQ	14322
QNR	14966
QNS	18347
QNY	10301
QND	11725
QNE	15970
QNF	12916
QNG	19824
QNA	21380
QNC	4029
QNL	32559
QNM	6897
QNN	13996
QNH	6717
QNI	20759
QNK	16307
CVY	4943
CVV	13769
CVW	1652
CVT	7317
CVR	8479
CVS	11259
CVP	7930
CVQ	5909
CVN	7471
CVL	14974
CVM	3077
CVK	7881
CVH	3533
CVI	10463
CVF	6437
CVG	12307
CVD	9120
CVE	10727
CVC	4269
CVA	13949
WDA	8268
WDC	1752
WDD	7540
WDE	9430
WDF	3942
WDG	7016
WDH	2541
WDI	6728
WDK	7051
WDL	10850
WDM	2856
WDN	4586
WDP	6634
WDQ	4081
WDR	6410
WDS	7004
WDT	6180
WDV	7483
WDW	2396
ECT	6361
FIQ	16702
EKG	53645
RES	32842
EKE	69997
EKD	41472
EKC	10179
EKA	77231
ECQ	5780
FIT	25987
EKY	31955
EKV	63988
EKT	42336
EKS	45069
REG	50420
RED	32717
REE	52532
FCP	5135
LFD	42181
HKC	2539
LFG	55159
FCS	9843
FCT	6404
FCV	7147
LFL	66866
YQM	4632
YQL	20731
YQN	10160
YQI	13483
YQH	6008
YQK	13992
YQE	15506
YQD	11972
YQG	16772
YQF	8402
YQA	17988
YQC	4000
YQY	7348
YQT	12725
YQW	2770
YQV	14690
YQQ	15396
YQP	13634
YQS	13747
YQR	14416
LFT	36436
FCC	2326
FCD	6821
FCE	7250
FCF	4875
FCG	10997
MCL	4481
ECY	4236
FCL	10390
MCG	4984
MCF	2200
MCE	2843
HQY	4832
TWA	7599
TWF	5051
TWG	6601
TWD	5767
TWE	7742
HQP	9156
HQQ	11821
HQR	12892
HQS	9373
HQT	8953
TWL	12359
HQW	2635
HQH	6050
TWS	7384
TWP	4721
HQK	9259
HQL	19867
GFT	32644
HQN	6573
HQA	15588
TWY	3434
HQD	8510
HQE	9582
HQF	7300
HQG	11629
GFI	35396
MCY	1716
FIC	8950
GFC	8710
VSP	40976
VSQ	33342
VSR	52378
VSS	70077
VST	47146
VSV	59356
VSW	9738
VSY	23303
MCR	3132
VSA	72650
VSC	12624
VSD	48525
VSE	57382
VSF	34857
VSG	67414
VSH	20511
VSI	44725
VSK	45411
VSL	77121
VSM	16925
VSN	32929
RYN	12446
RYL	37264
RYM	6936
RYK	16082
RYH	8570
RYI	18714
RYF	15554
RYG	25652
RYD	17347
RYE	18077
RYC	5666
RYA	24488
RYY	12204
RYV	20650
RYW	5657
RYT	14830
RYR	22077
RYS	19048
RYP	15383
RYQ	14033
QQE	24372
QQD	13699
QQG	23126
QQF	13916
QQA	38370
QQC	4408
QQM	10364
QQL	52832
QQN	14659
QQI	24916
QQH	12756
QQK	20874
QQT	18896
QQW	4762
QQV	27770
QQQ	73414
QQP	21968
QQS	21207
QQR	25209
QQY	11558
CMN	1882
CMM	1054
PCY	3375
CMK	2578
CMI	2518
CMH	1112
PCR	5735
CMF	1619
PCP	8601
CMD	2711
CMC	740
PCW	1374
CMA	4060
PCK	4579
PCH	3500
PCI	5278
PCN	4200
PCL	10240
PCM	1567
CMW	526
PCC	2531
PCA	6961
CMS	2808
CMR	2093
PCD	4862
PCE	5175
INY	15712
INT	27173
INV	27383
INW	5371
INP	28738
INQ	24301
INR	26349
INS	35805
INL	41890
INM	9022
INN	30152
INH	12756
INI	28774
INK	35662
IND	30117
INE	38946
INF	17558
ING	35698
INA	38874
INC	5781
GLH	25685
GLI	70794
AKY	24094
GLK	67828
GLL	116062
GLM	26976
GLN	45454
AKS	45776
GLA	110109
AKQ	36823
AKP	33129
GLD	76367
GLE	71233
GLF	48983
GLG	94250
AKK	72097
GLY	33634
AKI	49589
AKH	17631
AKN	35857
AKM	17271
AKL	80951
GLP	78517
GLQ	39108
AKA	89595
GLS	90843
GLT	73309
AKF	25136
AKE	72362
GLW	12579
RDW	9880
GGS	80886
RDV	44566
AVY	27449
MMY	2875
MMT	6256
MMW	975
MMV	7190
MMQ	5641
MMP	5611
MMS	7927
MMR	7140
MMM	3834
MML	9867
MMN	6091
MMI	5626
MMH	2582
MMK	7764
MME	8341
MMD	7300
MMG	8484
MMF	4263
MMA	11155
MPL	20243
MMC	1337
ERT	31686
ERV	57377
ERW	7827
ERP	27700
ERQ	29200
ERR	46838
ERS	35452
ERY	24824
MPK	12225
ERD	34699
ERE	56939
ERF	37853
ERG	50258
MPH	5181
ERC	10330
ERL	97028
ERM	20997
ERN	24186
MPI	13567
ERH	15945
ERI	58285
ERK	38415
MPV	16828
MPW	3199
MPT	11610
MPR	10825
MPS	15497
AVK	65997
PGC	10871
QLY	20116
QLV	50977
QLW	7487
QLT	39029
QLR	46036
QLS	51624
QLP	37089
QLQ	40452
QLN	29302
PGN	21166
QLL	83202
QLM	16265
QLK	44970
QLH	16952
QLI	43747
QLF	25780
QLG	45805
QLD	38164
QLE	52727
QLC	10207
QLA	69247
DYW	3839
DYQ	14119
DYR	18065
DYS	21700
PGV	51071
DYM	6843
MIL	21541
DYN	12716
DYH	8521
PGS	50208
LKV	58592
PGQ	27253
MIN	11702
HDE	13907
PGY	19265
WFK	5276
WFH	2186
WFI	4463
WFN	4708
WFL	8109
WFM	1541
WFC	1605
WFA	6119
WFF	4168
WFG	6326
WFD	6815
WFE	4836
WFY	2509
WFR	4231
WFS	6437
WFP	3406
WFQ	4230
WFV	5561
WFW	1423
WFT	4760
HDD	10511
WCL	2772
YWW	1248
YWV	4594
YWT	3397
YWS	4442
YWR	4550
YWQ	3283
YWP	2500
YWY	1991
YWG	4763
YWF	2462
YWE	3205
YWD	3934
YWC	1104
YWA	4703
YWN	3419
YWM	1954
YWL	6137
YWK	4435
YWI	3923
YWH	2183
TQD	17654
TQE	24526
TQF	13443
TQG	23143
TQA	32628
TQC	4373
TQL	36444
TQM	8359
TQN	13972
TQH	9670
GHV	27072
TQK	20369
TQT	21654
TQV	23966
GGK	56827
TQP	17490
TQQ	18389
TQR	19506
TQS	22303
MIM	5027
TQY	10333
GHQ	12005
HSC	3904
HSA	19114
HSF	12857
HSG	21064
HSD	14561
HSE	15424
HSK	13006
HSH	9249
HSI	15707
HSN	11142
HSL	31053
HSM	6150
HSR	16172
HSS	22829
HSP	15240
HSQ	10985
HSV	19384
HSW	3428
HST	13272
HSY	9036
GHY	11572
SYC	5408
MIY	6043
SYA	24925
VQY	11579
SYG	26833
SYF	17612
SYE	21747
SYD	20063
SYK	18303
VQS	27328
VQP	22046
SYH	8813
VQV	34064
VQW	5096
SYM	7444
SYL	37566
SYS	27341
VQK	27795
SYQ	13904
VQI	24870
SYW	4489
SYV	24094
VQL	39573
SYT	19699
VQC	5810
SYY	12793
VQA	41889
VQF	15154
VQG	31110
VQD	22258
VQE	32020
EME	23798
RGQ	26316
RGR	49126
RGS	38233
EMA	27627
RGV	49233
RGW	9737
EMM	9477
EML	34593
EMN	10808
EMI	19930
EMH	6060
EMK	21163
EMT	15293
EMW	2152
RGC	8328
RGD	34694
EMP	11809
EMS	16136
EMR	17412
RGH	15376
RGI	46499
RGK	38377
RGL	69380
RGM	16480
RGN	22872
LDC	12506
LDA	91933
LDG	68415
LDF	40197
LDE	87661
LDD	60007
LDK	62228
LDI	61102
LDH	22471
LDN	40658
LDM	21684
LDL	96916
LDS	64358
LDR	58236
LDQ	39161
LDP	51647
LDW	12930
LDV	67275
LDT	51800
LDY	33046
MIV	15255
QWN	3306
QWM	2362
QWL	12113
QWK	4729
QWI	5784
QWH	2028
QWG	5024
QWF	4602
QWE	4274
QWD	4419
QWC	1292
QWA	5790
QWY	2701
QWW	1365
QWV	5439
QWT	3658
QWS	4840
QWR	5682
QWQ	4908
QWP	3099
ILF	39665
ILG	76462
ILD	63534
ILE	72552
PEY	19484
ILA	85123
PET	38574
PEV	49043
PEW	10289
PEP	33803
ILK	64625
ILH	21776
ILI	50740
PEL	68003
PEM	16058
PEN	28255
ILR	54330
PEI	39675
ILP	49005
PEK	38011
PED	43554
PEE	58221
PEF	25864
PEG	48977
PEA	53098
ILY	25973
QCY	2423
NQG	15887
GNR	23960
GNS	32061
GNP	30623
GNQ	15423
GNV	38016
GNW	6459
MKA	21879
MKN	14269
MKM	6762
MKL	24780
MKK	27606
AIP	32959
AIS	55064
AIR	54277
AIM	17805
AIL	85968
AIN	36542
MKS	16231
GNG	37128
GND	23640
GNE	25179
AIE	67308
AID	51856
AIG	63974
AIF	30973
AIA	99294
GNL	45688
GNM	10742
NSH	10609
NSI	34424
NSK	28326
NSL	52541
NSM	9909
NSN	29676
NSA	30822
NSC	6845
NSD	25463
NSE	27890
NSF	22817
NSG	33602
NSY	15340
NSP	24896
NSQ	18886
NSR	23407
NSS	46348
NST	29826
NSV	31094
NSW	6047
EAI	75860
EAK	60677
EAM	30313
RKQ	25537
SDT	31802
SDV	43506
SDW	8455
SDP	32070
SDQ	19805
SDR	31194
SDS	56409
RKS	35816
SDY	21796
SDD	42480
SDE	48905
SDF	28175
SDG	42694
SDA	48938
SDC	8181
SDL	65558
SDM	13254
SDN	24862
SDH	12733
SDI	44475
SDK	33868
KQS	22758
KQR	27586
KQQ	22996
KQP	15253
KQW	5150
KQV	30164
KQT	20292
EPV	39313
EPW	5555
KQY	14947
EPR	20651
EPS	30082
EPP	24337
EPQ	16564
KQC	5151
EPL	47138
EPM	9460
KQG	26204
EPK	22432
KQE	27949
KQD	16467
KQK	31728
EPG	34924
EPD	21351
KQH	10294
EPC	6363
KQM	10873
KQL	53317
LYT	24602
EAY	30426
LYV	26867
LYW	5747
LYP	24832
LYQ	23121
LYR	31013
LYS	33104
LYY	16557
LYD	29413
LYE	34282
LYF	20430
LYG	35626
LYA	34390
LYC	8482
LYL	41791
LYM	8190
LYN	23067
LYH	13180
LYI	22687
LYK	28293
EAQ	42307
EAP	35158
RKN	25665
EAT	46341
EAV	87016
GMY	7787
MKC	2999
IKT	38019
GEC	8498
IKL	48403
ACI	10030
RFA	35457
GEE	58587
TSN	27622
TSL	65733
TSM	14402
TSK	36469
TSH	15930
TSI	37627
TSF	26081
TSG	51354
TSD	36533
TSE	39325
TSC	9156
TSA	55858
GEH	16763
TSY	17526
TSV	43177
TSW	6842
TST	48026
TSR	34395
TSS	66752
TSP	39490
TSQ	24697
MKT	15892
VWY	3076
VWT	6382
VWV	8725
VWW	1886
VWP	4897
VWQ	6091
VWR	8163
VWS	8914
VWL	13932
VWM	3805
VWN	6437
VWH	3627
VWI	7892
VWK	6911
VWD	8513
VWE	7318
VWF	5706
VWG	7814
VWA	11434
VWC	1851
EKN	33596
EKM	26884
REY	19674
EKK	57683
EKI	69479
EKH	16592
RER	55389
EKF	36519
REP	22026
REQ	33258
REV	49754
REW	8380
RET	34955
REK	50485
REH	18882
REI	52725
REN	26736
REL	89518
REM	19452
EKW	8700
REC	7379
REA	68600
REF	28384
EKR	45492
EKQ	36342
EKP	36889
LFE	45320
FCQ	5063
FCR	6808
LFF	29372
LFA	54883
LFC	12863
FCW	1754
LFM	13309
FCY	3810
LFN	32031
LFI	39637
LFH	15355
LFK	33695
FCA	8901
LFW	8976
LFV	42052
LFQ	23944
LFP	30862
LFS	54300
LFR	33032
FCH	3328
FCI	7355
FCK	7138
LFY	20690
FCM	2433
FCN	6326
LHG	28980
CAY	4794
LHF	16712
CAS	12571
CAR	9573
CAQ	6745
CAP	7859
CAW	1863
CAV	14153
CAT	9200
CAK	8257
CAI	10039
CAH	4227
CAN	6886
CAM	3854
CAL	17136
CAC	3505
LHC	7212
CAA	16932
CAG	12955
CAF	7150
CAE	10551
CAD	9135
PGF	27860
PGG	56190
PGD	38397
PGE	41854
DYY	14804
PGA	54331
DYT	16933
DYV	29732
PGM	19417
DYP	14526
PGK	33906
PGH	21381
PGI	33770
DYL	43536
PGW	9213
PGT	42116
PGR	36345
DYI	25299
PGP	38695
DYK	16916
DYD	21306
DYE	22530
DYF	17155
DYG	20193
DYA	25101
DYC	5365
LHL	43131
GCC	4416
LHV	23555
VAY	27481
MKY	8737
LHS	29733
LHR	26939
MII	13949
MIH	6089
MIK	17309
GHW	4352
GHP	19595
FID	32946
GHR	18058
GHS	22360
MIA	21635
MIC	3175
LHP	24591
MIE	20491
MID	16477
MIG	18617
MIF	9391
GHD	13935
GHE	16735
GHF	14368
GHG	23551
GCE	10124
GHA	27593
GHC	5221
MIQ	10004
MIP	12439
MIS	16209
MIR	14194
GHH	8830
MIT	15220
MIW	2504
GHK	14753
NQR	16638
NQS	17997
NQP	13835
NQQ	15388
NQV	19946
NQW	3424
NQT	17114
NQY	9645
NQC	3189
NYP	11127
NQA	20501
NQF	12074
LHY	13253
NQD	13746
NQE	17612
NQK	17120
NQH	6834
NQI	23012
NQN	14066
NQL	35826
NQM	6543
SFY	16892
SFV	31957
SFW	7500
SFT	29205
SFR	24996
SFS	44321
SFP	22072
SFQ	19479
SFN	22717
SFL	51807
SFM	9932
SFK	25231
SFH	12253
SFI	31349
SFF	24378
SFG	36447
SFD	32459
SFE	31150
SFC	9194
SFA	34582
KST	42748
KSW	7485
KSV	44973
KSQ	25089
KSP	27605
KSS	49554
KSR	33690
KSY	20593
KSE	36734
KSD	30685
KSG	47451
KSF	30051
KSA	42659
KSC	9028
KSM	13787
KSL	73131
KSN	26703
KSI	44318
KSH	14725
KSK	46887
IMN	9535
YHK	7401
YHH	4720
YHI	8493
YHN	5848
YHL	13185
YHM	2828
YHC	2498
YHA	9371
YHF	6706
YHG	11125
YHD	7863
YHE	8144
YHY	5224
YHR	8028
YHS	9002
YHP	7657
YHQ	6308
YHV	8341
YHW	1371
YHT	6278
GCL	15109
MKR	19891
GCN	6881
THC	3851
VTA	63881
GTA	60123
VTC	10637
GTC	11104
GTD	35592
TLV	64708
VTG	63546
TLT	66881
GTH	15153
VTH	17488
VTK	36994
GTL	70801
GTM	15601
TLC	14968
VTP	43240
EKL	109754
MKQ	14135
VTS	49191
GTS	48827
GTT	48288
VTT	41011
GTV	62981
TLD	55473
VTY	18657
MEF	10203
KHY	8577
QIH	9602
QIE	32032
KHQ	8847
KHR	12305
TMP	10609
GWD	9235
TMR	11864
TMS	13814
GWA	11683
TMV	13281
TMW	2117
GWM	4043
GWL	18102
GWN	6404
GWI	9075
GWH	3848
GWK	9226
GWT	9121
GWW	2722
GWV	12402
TMD	12781
GWP	6883
GWS	10969
TMG	15029
TMH	3586
TMI	10884
TMK	12223
TML	20939
TMM	5607
TMN	8059
HWN	2025
HWL	5700
HWM	1188
HWK	2808
HWH	1757
HWI	3027
HWF	1969
HWG	2884
HWD	3330
HWE	2858
HWC	1110
HWA	3734
HWY	2023
HWV	3303
QIY	12523
HWT	2316
HWR	2902
HWS	2960
HWP	2467
HWQ	2744
RWC	1842
QIT	21224
QIV	28654
KHD	9447
KHE	10786
HMY	2664
KHF	12166
RWI	7002
QIR	25088
EIQ	29512
EIP	34340
EIS	51056
EIR	45651
EIT	46248
EIW	8250
EIV	61375
EIY	24190
RCV	9819
RCW	2261
RCP	8215
RCQ	5742
RCR	8673
RCS	8742
EIA	70185
RCM	2349
EIC	11142
RCH	3955
EID	50233
EIG	46730
EIF	30082
EII	59552
EIH	15185
EIK	56718
RCG	12024
EIM	16972
EIL	83311
RCC	2912
FAY	14843
FAR	32867
FAS	36152
FAP	26874
FAQ	22735
FAV	35146
FAW	6936
FAT	29045
FAK	33077
FAH	13631
FAI	27663
FAN	23555
FAL	46210
FAM	11010
FAC	6639
FAA	51487
FAF	18983
FAG	42583
FAD	34071
FAE	37755
HMT	4571
CCY	2115
CCT	2690
CCW	1038
CCV	3381
CCQ	2353
CCP	3053
CCS	4662
CCR	3395
CCM	886
CCL	5340
CCN	1848
CCI	2412
CCH	1461
CCK	2552
CCE	2926
CCD	2324
CCG	4929
CCF	2774
CCA	3805
CCC	2290
PIH	11276
PII	34221
PIK	22085
PIL	41838
PIM	9449
PIN	16976
PIA	33848
PIC	6630
PID	24685
PIE	27096
PIF	18632
PIG	30842
PIY	16320
PIP	27121
PIQ	15854
PIR	21891
PIS	33151
PIT	28317
PIV	34533
PIW	4922
IMT	13011
HMQ	3341
MWS	2914
MWR	2710
MWQ	1701
MWP	1283
MWW	558
MWV	1999
MWT	1823
MWY	1213
MWC	485
MWA	2646
MWG	2043
MWF	1720
MWE	2438
MWD	2443
MWK	2146
MWI	2538
MWH	793
MWN	1741
MWM	830
MWL	3632
AMI	20067
AMH	9674
NWV	4965
NWW	1134
NWP	3274
AML	37305
NWR	4946
AMN	15565
AMA	37648
AMC	4212
AME	25572
AMD	17947
AMG	27257
AMF	11584
AMY	8916
NWE	5369
NWF	3389
NWG	5411
NWA	5604
NWC	1514
NWL	10204
AMP	13549
AMS	20353
AMR	23552
NWH	1947
AMT	19316
AMW	3002
AMV	25995
IMY	5036
HMN	3932
HMH	2229
HMI	4449
YNL	20610
YNM	5047
YNN	13518
YNH	6011
YNI	16583
YNK	15169
YND	12560
YNE	14857
YNF	13022
YNG	14700
YNA	16916
YNC	3713
YNY	8722
HEI	15370
YNT	12079
YNV	14614
YNW	2878
YNP	14163
YNQ	10355
YNR	11551
YNS	15636
HME	5806
HEK	12708
WLY	6230
WLP	12284
WLQ	10015
WLR	16379
WLS	15055
WLT	11749
WLV	14432
WLW	3250
WLH	5956
WLI	10651
WLK	14218
WLL	21579
WLM	4586
WLN	10034
WLA	20052
WLC	3363
WLD	14164
WLE	15321
WLF	8418
WLG	17213
THW	2408
HMC	1274
EMD	13577
EWH	2811
EMG	20343
THT	14844
EWR	7672
GYV	30517
THP	14179
GYT	26011
GQN	17316
GQM	14770
GQL	46025
GQK	28959
GQI	32777
GQH	12507
GQG	33168
GQF	16414
GQE	26531
GQD	21329
GQC	6978
GQA	38865
GQY	13884
GQW	6610
GQV	41599
GQT	27756
GQS	28830
GQR	30553
GQQ	20859
GQP	31351
NHE	8803
NHD	7981
NHG	10557
HIS	18100
HIT	14644
HIV	16101
HIW	3390
NHM	3527
NHL	19189
NHN	7605
NHI	10847
NHH	5295
NHK	8273
NHT	9320
NHW	1949
HIC	4768
NHQ	6816
HIE	18857
HIF	9614
NHR	8069
HIH	8076
HII	14894
HIK	14379
NHY	6243
HIM	3993
HIN	11542
QIQ	19563
EGY	27502
EGS	44692
EGR	47902
EGQ	26709
EGP	27230
EGW	9708
EGV	59504
EGT	40345
EGK	59131
EGI	51497
EGH	17548
EGN	27671
EGM	19116
EGL	77556
EGC	12610
EGA	59239
EGG	51305
EGF	32925
EGE	58928
EGD	42922
RAF	29815
RAG	64732
RAD	38454
RAE	52982
RAC	10371
RAA	90531
FGT	29083
RAL	102380
RAM	21498
FGP	24665
RAK	45997
FGR	27141
RAI	49802
FGL	51144
RAW	9090
RAT	36515
RAR	58971
FGI	33384
RAP	30418
RAQ	34049
FGD	31172
FGE	32710
FGF	28376
FGG	49245
FGA	43170
FGC	7236
QYY	7386
QYT	9178
QYW	2570
QYV	13206
QYQ	10981
QYP	9897
QYS	13256
QYR	12652
QYM	4463
QYL	24553
QYN	8098
QYI	12542
QYH	5849
QYK	10596
QYE	11432
QYD	10883
QYG	15916
QYF	9874
QYA	15129
QYC	2914
IFT	25743
IFV	26764
IFW	4677
IFP	19215
IFQ	14931
IFR	18999
IFS	34326
IFY	12694
PHF	9268
IFD	25292
IFE	24764
IFF	17361
IFG	35883
IFA	30149
IFC	7780
IFL	38383
IFM	8488
IFN	21092
IFH	9310
IFI	25891
IFK	22362
PKR	24538
PKS	28766
PKP	26469
PKQ	15591
CEC	2868
PKW	4733
PKT	26631
HKR	12156
CEN	6837
CEM	2740
CEL	12347
CEK	11587
CEI	9155
CEH	4003
CEW	1315
PKC	5940
CET	8789
PKF	15372
CER	9177
PKD	26121
CEP	6263
PKK	32745
PKH	9877
PKI	24757
PKN	18744
CEY	4384
PKM	9450
HKS	11919
PHR	11219
STK	32216
NEL	49243
PHT	11664
ASS	78122
ASR	54078
ASQ	37920
ASP	46293
ASW	10144
ASV	69511
AST	53434
LMC	4205
ASY	24433
ASC	13190
ASA	87261
ASG	82776
ASF	37860
ASE	56428
ASD	45770
ASK	49204
ASI	55312
ASH	21109
ASN	32717
ASM	21937
ASL	99361
NCY	3736
TFE	24932
NCQ	3389
NCR	5264
NCS	8899
NCT	6434
TFC	6741
KWA	6801
KWC	1997
KWE	5663
KWD	5600
KWG	5395
KWF	4708
KWI	7295
KWH	2214
KWK	6830
KWM	3313
KWL	12311
KWN	4752
KWQ	4821
KWP	2916
KWS	6158
KWR	5809
KWT	5606
KWW	1473
KWV	6956
KWY	3593
NCL	11257
NCA	5628
NCC	1876
TFQ	15845
TFP	17511
NCF	4603
TFR	19973
YLV	32276
YLW	5170
YLT	30394
YLR	32560
YLS	37872
YLP	27975
YLQ	23432
YLY	15923
YLF	20097
YLG	35885
YLD	34561
LIG	76758
YLC	7568
YLA	42556
YLN	26751
YLL	46574
YLM	10192
YLK	36055
YLH	17343
YLI	26862
FNP	17813
FNG	18103
TNT	22913
FNF	12910
HKM	4760
FNE	20747
LIW	7696
FNC	4232
NEA	34040
MHN	3911
LIR	53138
HCL	6815
WNC	1410
WNA	5763
WNF	5124
WNG	6951
WND	5268
WNE	6173
WNK	5683
WNH	1881
WNI	5856
WNN	4395
WNL	8081
LIY	25606
WNR	4810
GKQ	25556
WNP	5989
WNQ	3323
WNV	5481
WNW	1455
WNT	4719
MHG	7239
WNY	2610
MHD	5339
MHE	5335
MHC	2132
MHA	8769
MHY	4921
MHV	6386
TNR	17575
GKC	8090
MHR	6060
MHS	5985
MHP	5483
MHQ	4141
NVW	4771
ANE	31309
ANG	42787
ANA	49532
ANC	6815
MER	18592
IYE	22004
IYD	21605
IYG	25874
IYF	12997
IYA	22183
IYC	4756
IYM	5417
IYL	26512
IYN	17788
IYI	16813
IYH	8449
IYK	19429
IYT	17538
IYW	3432
IYV	20798
IYQ	14959
IYP	15798
IYS	24099
IYR	19713
IYY	10219
PPC	5467
NVG	33514
PPA	44671
PPG	46303
PPF	16010
PPE	33586
PPD	18979
PPK	24651
PPI	17557
PPH	14604
PPN	13829
PPM	8600
PPL	41420
PPS	42106
PPR	26795
PPQ	23203
PPP	75492
PPW	3484
PPV	30872
PPT	28753
NVC	6278
PPY	12434
ANR	29718
AVC	14921
ANY	15788
GSQ	30899
VYS	25706
VYP	15838
GSR	43981
VYV	24204
GST	50587
VYT	20193
TMQ	8076
GSY	28802
TIV	38524
VYY	10121
TIP	30035
GWG	10912
TIR	33488
TIS	42375
TIL	52007
TIM	12367
TIN	29275
GWF	7355
GSE	42396
VYG	28127
GSG	92601
GSF	35678
TID	37317
VYK	18159
TIF	21879
VYI	18485
VYN	16270
GSL	86075
VYL	29859
TIC	8807
NNN	76305
NNM	8044
NNL	35756
NNK	23342
GWC	2298
NNI	30621
NNH	7928
NNG	21507
NNF	15821
HKP	8805
NND	17470
HKV	14076
HKW	1944
NNA	22774
HKK	14659
HKH	5483
HKI	14047
HKN	9148
HKL	20857
TMY	5411
NNW	4125
NNV	23431
NNT	21238
NNS	28599
HKG	12796
HKD	11215
NNP	21087
KAC	10300
SQY	14764
TMA	18654
SQS	34663
SQR	25914
SQQ	23519
SQP	28599
SQW	5470
SQV	33052
SQT	24789
SQK	24590
RHQ	10417
SQI	29745
SQH	11404
SQN	20028
SQM	11326
SQL	52744
SQC	7171
GWQ	7826
SQA	39411
SQG	31461
KAI	59491
SQE	31644
SQD	23865
KAH	16397
EEY	28968
TMF	7156
EET	46808
EEW	10181
GWR	9374
EEQ	41669
EEP	28371
EES	49210
RHT	10930
EEM	30487
EEL	124280
EEN	38676
EEI	82128
RHW	3506
EEK	70453
EEE	121637
EED	60188
EEG	62924
EEF	41219
EEA	95234
EEC	11972
KAS	46870
LLY	40705
RHH	9071
LLS	133154
LLR	105297
LLQ	81949
LLP	91799
LLW	18122
LLV	104570
LLT	97411
LLK	111498
HIQ	9656
LLI	80143
LLH	43866
VYC	6161
LLN	79662
LLM	32881
LLL	173569
LLC	25770
KAW	7639
LLA	165276
LLG	130567
LLF	64965
LLE	132393
LLD	115905
RHN	10056
HIR	13810
RHC	4310
RHD	11072
QKV	30555
RHF	12158
IDY	24843
IDV	42830
IDW	8432
IDT	39248
IDR	39629
IDS	41350
IDP	35509
IDQ	25367
IDN	31042
IDL	64166
IDM	14377
IDK	41290
IDH	15490
IDI	40448
IDF	30264
IDG	51742
IDD	41023
IDE	58173
IDC	8796
IDA	61795
PMT	11459
CGH	6142
PMV	13997
PMW	1967
PMP	10826
CGL	18772
PMR	7710
PMS	11352
CGA	16677
CGC	5331
CGE	11696
PMY	5771
CGG	19410
CGF	9629
PMD	9672
PME	9513
PMF	7702
PMG	12683
PMA	15427
PMC	2509
PML	17154
CGP	9437
CGS	18917
CGR	10861
PMH	4049
CGT	12418
CGW	3629
CGV	15674
FEF	15762
FEG	31756
FED	29755
FEE	40220
FEC	5368
FEA	35708
FEN	24117
FEL	35241
FEM	9518
FEK	36238
FEH	10268
FEI	24523
FEV	29142
FEW	4800
FET	24606
FER	28598
FES	25499
FEP	18443
FEQ	21484
FEY	12784
TNN	19694
PGL	58550
MSY	8764
QKP	16486
MSV	18892
MST	17708
MSS	25118
MSR	18876
MSQ	14369
MSP	13999
MSN	14099
MSM	7703
MSL	28741
MSK	23849
MSI	17885
MSH	8157
MSG	23152
MSF	15010
MSE	22107
MSD	19289
MSC	4146
MSA	24649
AQT	31911
AQW	7008
AQV	43880
AQQ	35936
AQP	25628
AQS	35230
AQR	41767
AQY	15636
AQE	39553
AQD	26524
AQG	43602
AQF	19765
AQA	72368
AQC	6673
AQM	15315
AQL	63443
AQN	21075
AQI	35613
AQH	13557
AQK	36759
DWR	7227
DWS	8767
DWP	4820
DWQ	6689
DWV	10972
DWW	2268
DWT	6535
DWY	3895
DWC	2384
DWA	8764
DWF	4927
DWG	7735
DWD	8520
DWE	9087
DWK	7489
DWH	3256
DWI	7637
DWN	5547
DWL	14768
DWM	3963
AGL	125667
KYK	20610
KYI	22077
KYH	8400
KYN	15636
KYM	6230
KYL	35481
KYC	5230
KYA	21680
KYG	30336
KYF	16835
KYE	17689
KYD	18145
NYR	12936
KYY	11316
NYS	16971
KYS	21249
KYR	17512
KYQ	12105
KYP	15493
KYW	4117
KYV	21157
KYT	15008
NYQ	10677
NYV	15533
NYT	14305
VCW	1951
NYL	27143
NYC	4026
NYA	14080
AGS	70844
QEC	5345
AGR	65209
AGQ	41697
NYE	14331
PEQ	29024
RCY	4134
WHD	2570
WHE	2758
WHF	2185
WHG	3846
WHA	3726
WHC	742
WHL	4643
WHM	1386
WHN	1992
WHH	1618
WHI	3120
WHK	2864
WHT	2748
RCT	5845
WHV	2758
WHW	1371
WHP	3564
WHQ	2190
WHR	2984
WHS	3559
WHY	1602
HIG	18846
RCL	13602
RCN	4897
LMY	8421
EIE	64898
TLP	55009
RCI	8094
RCK	5912
RCD	6908
RCE	8140
VQR	29014
RCF	5721
RCA	9133
EIN	32405
QKT	21734
PRE	27494
PRD	22943
PRG	34698
PRF	17536
PRA	33168
PRC	6043
PRM	8386
PRL	40279
PRN	16220
PRI	23520
PRH	11650
PRK	22023
PRT	22907
PRW	7117
PRV	29480
PRQ	15616
PRP	29801
PRS	28614
PRR	29584
PRY	14371
MAQ	19053
MAP	16804
SND	23939
SNE	27841
MAT	26982
MAV	28552
MAY	10784
LMR	22443
TKF	17909
NLP	40792
TKD	30266
NLR	37645
NLT	43692
NLW	6478
NLV	45582
NLY	22082
TKL	45539
TKM	10086
HMP	4931
MAC	5444
HMR	4379
TKI	30502
TKV	33863
TKW	4736
NLC	9153
TKR	27602
NLD	40057
TKP	24196
TKQ	18794
NLI	45489
MAE	34393
NLK	47897
HMG	6657
NLM	14181
NLL	75327
TKY	15516
DLC	12592
DLA	85680
DLG	64671
SNP	28997
DLE	69594
DLD	59636
DLK	61260
DLI	68382
SNQ	18604
DLN	40982
DLM	20445
DLL	105606
DLS	74458
DLR	59169
DLQ	37406
DLP	58392
DLW	10059
DLV	78148
DLT	55341
DLY	28735
SSY	29430
SST	64950
SSW	11954
SSV	67081
SSQ	38970
SSP	59787
SSS	150075
SSR	50954
SSM	20396
SSL	104557
SSN	46841
SSI	58019
SSH	22942
SSK	50481
SSE	57038
SSD	53073
SSG	75140
SSF	41879
SSA	74528
SSC	15906
RMR	14353
RMS	12797
ECE	8475
ECD	6797
LNY	23226
RMW	1962
ECA	8937
LNT	37851
LNW	7856
LNV	44349
LNQ	33357
LNP	38095
LNS	51884
LNR	41818
LNM	14039
ECV	9921
RMA	21608
ECS	9785
LNH	18756
LNK	50551
RME	14303
LNE	55438
LND	44038
LNG	49177
LNF	27050
LNA	58347
RML	25145
RMM	6989
CYS	5411
CYR	4749
CYQ	3334
CYP	3421
CYW	938
CYV	5801
CYT	4518
CYY	2555
WSP	8735
CYA	5607
CYG	7592
CYF	3241
CYE	4402
CYD	4710
CYK	3614
CYI	4310
CYH	2575
CYN	3690
CYM	2032
CYL	6952
FKH	8187
FKI	21360
FKK	30672
FKL	30535
FKM	6481
FKN	23039
FKA	27835
FKC	4756
FKD	27686
VLK	68557
FKF	10654
FKG	25871
FKY	10390
FKP	18404
FKQ	16215
FKR	22644
FKS	23830
FKT	20678
FKV	24550
FKW	2813
VLA	119264
VYH	8658
VLC	19257
TTW	6157
VLD	78930
TTT	64224
MQA	15200
TTK	27634
MQC	1827
MQE	13870
MQD	9082
MQG	10351
MQF	7704
MQI	8860
AWV	10448
MQK	12129
AWT	7713
MQM	4916
AWR	10182
AWQ	8304
MQN	7549
MQQ	11314
AWN	5525
MQS	9533
MQR	12482
AWK	8433
MQT	8886
MQW	1807
MQV	11100
MQY	5000
AWF	6512
AWE	9378
AWD	7566
AWC	2609
AWA	14871
DQT	15815
DQV	28694
DQW	4737
DQP	15106
DQQ	14659
DQR	16869
DQS	18686
DQY	12080
DQD	16242
VLQ	47478
DQF	14234
DQG	20337
DQA	26569
DQC	4061
DQL	42891
DQM	9138
DQN	11474
DQH	7288
TTA	49763
DQK	16870
GSD	46166
TTF	23258
VLW	11365
TTD	30212
RKY	18159
PCS	9055
KKY	31601
QHY	6774
QHC	2600
PCV	7473
QHA	13647
QHF	8809
QHG	13751
TGR	48842
QHD	6984
GYF	16395
TGP	29578
TGQ	28423
QHK	8153
GYC	6521
WMT	2551
QHH	5959
QHI	12327
TGT	49123
QHN	6611
PCT	6023
KKC	9022
TGY	22417
GYI	23628
RVC	9732
RVA	64420
RVG	47951
RVF	28475
RVE	43861
RVD	34162
RVK	40715
RVI	44233
RVH	15769
RVN	23000
RVM	16123
RVL	81338
RVS	42314
RVR	46020
RVQ	24381
RVP	32087
RVW	7938
RVV	56078
RVT	38972
TGF	29544
RVY	20590
GYR	24614
GYQ	17147
IMM	5492
TGE	61884
HWW	676
GYY	13852
PTN	16950
PTM	10655
PTL	45888
PTK	23666
PTI	26735
PTH	10841
PTG	36564
PTF	17646
PTE	27145
PTD	22571
PTC	7621
PTA	41511
PTY	14483
PTW	5519
PTV	35359
PTT	32493
PTS	37542
PTR	23625
PTQ	19213
PTP	38692
GHN	11457
IMP	11054
VYM	6338
IMS	13236
TEH	12303
TEI	36947
TEK	40110
TEL	57551
TEM	13236
TEN	26448
TEA	54305
TEC	6798
TED	34605
TEE	56256
TEF	21820
TEG	34352
TEY	15823
TEP	23185
TEQ	25482
TER	33530
TES	36149
TET	35122
TEV	39026
TEW	6767
DNE	22886
DND	20293
DNG	28298
DNF	17551
DNA	29752
DNC	5628
DNM	8580
DNL	39933
DNN	17854
DNI	28730
DNH	7546
DNK	21304
DNT	18250
DNW	4860
DNV	30611
DNQ	14911
DNP	22106
DNS	23304
DNR	16592
DNY	13861
QCS	6041
QCR	5295
QCQ	4783
QCP	4953
QCW	1264
QCV	6288
QCT	3744
GGY	30484
QCC	2083
QCA	5407
QCG	8572
QCF	3716
QCE	5325
QCD	4213
QCK	4009
QCI	5171
QCH	2856
QCN	3465
QCM	1875
QCL	10749
RKT	29753
EAH	18656
RKV	41537
RKW	6170
RKP	24626
EAL	138837
RKR	43455
EAN	30996
EAA	116617
EAC	13795
EAE	82399
EAD	47649
EAG	82859
EAF	44408
RKD	26846
RKE	39811
RKF	21075
RKG	37321
RKA	49925
RKC	6323
RKL	64494
RKM	14910
EAS	53691
EAR	60109
RKH	15728
RKI	40045
EAW	11436
RKK	43945
NWT	4904
AMK	22456
AMM	9718
NWQ	4451
NWS	5870
NWY	2699
NWD	5850
RMQ	10106
FIR	22335
FIS	32481
FIP	21416
LHD	22793
FIV	25349
FIW	4003
LHA	32491
LHN	17603
LHM	8110
FIY	12520
LHK	21269
LHI	22119
LHH	13801
LHW	4910
AMQ	15801
LHT	23707
FIF	17709
FIG	32303
LHQ	21280
FIE	31027
FIK	26566
FIH	9929
FII	24414
FIN	24409
NWN	4279
FIL	34767
FIM	8194
NWI	5914
NWK	6319
RMT	10856
DSY	20018
DSV	44701
DSW	7779
DST	31906
DSR	29344
DSS	52288
DSP	27839
DSQ	22629
DSN	24420
DSL	65329
DSM	13021
DSK	33008
DSH	13395
DSI	40333
DSF	26749
DSG	44320
DSD	43184
DSE	42138
DSC	8325
DSA	43262
RMY	7172
TIW	4905
YFD	14907
YFE	15256
YFF	10557
YFG	17844
YFA	16159
YFC	3709
YFL	23498
YFM	4504
YFN	12764
YFH	6460
YFI	14094
YFK	15031
YFT	14489
YFV	15343
YFW	2574
YFP	11329
YFQ	9369
YFR	14117
YFS	18834
YFY	8952
VFN	21549
VFM	11062
VFL	43991
VFK	24161
VFI	26641
VFH	11582
VFG	38502
VFF	19688
VFE	32428
VFD	34800
VFC	8455
VFA	38804
VFY	14671
VFW	5426
VFV	35437
VFT	29610
VFS	37659
VFR	22363
VFQ	18520
VFP	21307
WTP	6834
WTQ	4329
WTR	5537
WTS	6618
WTT	6212
WTV	7089
WTW	1613
WTY	3356
WTA	7523
WTC	1411
WTD	6346
WTE	6339
WTF	3683
WTG	7462
WTH	2287
WTI	5236
WTK	5588
WTL	9969
WTM	2334
WTN	3799
RTE	27217
RTD	21842
RTG	41120
RTF	22839
RTA	40622
RTC	6389
RTM	10906
RTL	57949
RTN	15531
RTI	30054
RTH	15164
RTK	24649
RTT	25498
RTW	6341
RTV	36739
RTQ	17343
RTP	27615
RTS	29550
RTR	34145
RTY	15855
MAD	23492
RMK	15869
ISY	21562
ISS	63628
ISR	41888
ISQ	31268
ISP	37146
ISW	8042
ISV	47164
IST	44317
ISK	47329
ISI	43365
ISH	19770
ISN	36203
ISM	14677
ISL	64179
ISC	10323
ISA	58912
ISG	57276
ISF	30687
ISE	51668
ISD	44532
PVQ	22432
PVP	39380
PVS	46470
PVR	32545
PVT	43179
PVW	7922
PVV	55686
PVY	21447
PVA	55578
PVC	9878
PVE	41805
PVD	36292
PVG	42750
PVF	27841
PVI	45914
PVH	14060
PVK	31103
PVM	15435
PVL	64812
PVN	21742
FRC	6123
FRA	26771
FRG	24154
FRF	13330
FRE	26640
FRD	25348
FRK	23313
FRI	17021
FRH	9513
FRN	18342
FRM	7138
FRL	28795
FRS	23216
FRR	25643
FRQ	15891
FRP	17847
FRW	4019
FRV	24392
FRT	17231
FRY	10781
SWI	8261
SWH	3366
SWK	7792
SWM	3113
SWL	16314
SWN	5879
SWA	9467
SWC	1811
SWE	7686
SWD	7195
SWG	10120
SWF	6514
SWY	5167
SWQ	6461
SWP	6251
SWS	11035
SWR	8510
SWT	7266
SWW	2917
SWV	9072
GYG	34188
TGS	59769
GYE	24993
GYD	25810
TGV	49746
TGW	7969
GYA	32516
GYN	16970
GYM	8082
GYL	36640
GYK	21741
GWE	8777
GYH	9394
GYW	5098
TGC	10073
TGA	63997
GYS	29086
TGG	63262
TGD	41304
GYP	20247
TGK	56491
TGH	18253
TGI	46067
TGN	28892
TGL	65716
TGM	17136
DHN	6980
DHM	5100
DHL	26335
DHK	8320
DHI	17118
DHH	7007
DHG	17198
DHF	9148
DHE	11032
DHD	10286
DHC	3073
DHA	13706
DHY	7998
DHW	2439
DHV	17888
DHT	10740
DHS	12056
DHR	11106
DHQ	7627
DHP	13687
MAN	16100
QAT	28874
QAW	7086
QAV	50284
QAQ	33325
QAP	22813
QAS	34045
QAR	37746
ANV	37907
QAY	16235
QAE	44319
QAD	28638
QAG	46758
QAF	25347
QAA	68616
QAC	8936
QAM	17601
QAL	86509
QAN	21001
QAI	43264
QAH	12138
QAK	33908
RIY	18943
RIV	44775
RIW	7207
RIT	33744
RIR	40156
RIS	38317
RIP	26347
RIQ	21998
RIN	24362
RIL	62815
RIM	13042
RIK	33483
RIH	17956
RII	39526
RIF	24636
RIG	43165
RID	31766
RIE	43196
RIC	8959
RIA	57874
HAH	9247
HAI	18665
HAK	14755
HAL	33410
HAM	6476
HAN	12071
HAA	29851
HAC	4261
HAD	19355
HAE	18380
HAF	12474
HAG	25015
HAY	8818
HAP	15163
HAQ	11745
HAR	18425
HAS	18113
HAT	14432
HAV	24437
HAW	3230
TPH	12425
TPW	6463
YDN	13813
YDL	33072
YDM	7017
YDK	18726
YDH	8392
YDI	21746
YDF	14219
YDG	20075
YDD	18589
YDE	22001
YDC	3504
YDA	24877
YDY	13274
YDV	23107
YDW	4256
YDT	16115
YDR	17050
YDS	17966
YDP	16665
YDQ	12193
MCD	2874
VDQ	24164
VDP	36907
VDS	48914
VDR	38957
VDT	40196
VDW	9361
VDV	58117
VDY	26454
TNW	4791
VDA	69188
VDC	10639
GVI	62153
VDE	57547
VDD	45369
VDG	58645
VDF	34159
VDI	46735
TNQ	14630
VDK	37738
VDM	16896
VDL	69580
VDN	25715
WVY	3576
TNS	27347
WVR	8264
WVS	9783
WVP	7590
WVQ	5504
WVV	9224
WVW	1539
WVT	8051
WVK	8936
WVH	2597
WVI	6955
WVN	6130
WVL	11325
WVM	2720
WVC	2145
WVA	10777
WVF	4299
WVG	7960
WVD	7692
WVE	9321
GVF	35929
TNF	15268
GWY	4370
TNM	8387
GVS	64347
RRN	24316
RRM	16660
RRL	78596
RRK	43146
RRI	42945
RRH	18882
RRG	51294
RRF	30904
RRE	45331
RRD	31698
RRC	10144
RRA	60537
TNH	7867
GVT	58163
RRY	23931
RRW	9172
RRV	50135
RRT	31427
RRS	43617
RRR	66977
RRQ	29287
RRP	30759
HHR	7527
HHP	10491
HHW	1574
HHV	7580
NKG	23891
IQY	11027
IQT	21354
IQW	4050
IQV	24632
IQQ	22334
IQP	17690
IQS	26662
IQR	26027
IQM	7622
IQL	31722
IQN	20432
IQI	19532
IQH	10308
IQK	28637
IQE	32529
IQD	21091
IQG	24336
IQF	13253
IQA	36704
IQC	4501
HHC	2348
HHA	8981
NKT	24117
FPE	26985
FPD	21707
FPG	27253
FPF	13348
FPA	22933
HHE	6578
FPC	4216
FPM	6600
FPL	27711
HHD	6453
FPI	16280
FPH	9502
FPK	15792
FPT	15992
FPW	3885
FPV	20547
FPQ	13485
FPP	15954
FPS	21369
FPR	15122
FPY	9866
SIS	56400
SIR	35826
SIQ	24688
SIP	38084
SIW	7020
SIV	45067
SIT	42210
SIY	22631
SIC	10074
SIA	53101
AHI	21076
SIG	46304
SIF	30039
SIE	45642
SID	39961
SIK	38588
SII	45113
SIH	15913
SIN	30277
SIM	14598
SIL	72259
TAT	51239
TAV	55255
TAW	8267
TAP	37122
TAQ	30990
TAR	43286
TAS	56692
TAY	20902
TAD	43296
TAE	57886
TAF	32384
TAG	56318
TAA	85157
TAC	9892
TAL	87529
TAM	19585
TAN	29455
TAH	17995
TAI	47821
TAK	43008
MCT	2575
GCA	13890
QGY	16019
QGW	6351
QGV	35951
QGT	23975
QGS	28103
QGR	31481
QGQ	21792
QGP	17909
QGN	17715
QGM	11844
QGL	47802
QGK	30692
QGI	30851
QGH	12374
QGG	31992
QGF	21021
QGE	30450
QGD	23063
QGC	6233
QGA	33770
GCD	11005
MCQ	1730
GCF	8129
AFD	32500
GCH	3877
AFF	22399
HCR	4339
HCS	5711
NFE	19735
NFD	20271
NFC	5053
HCW	1183
NFA	18518
MCP	2326
NFN	13989
NFM	6239
NFL	30994
NFK	18324
NFI	20640
NFH	7411
NFW	4252
NFV	20889
NFT	19109
NFS	25574
NFR	15460
NFQ	10822
NFP	13533
HCK	3569
HCH	3351
HCI	3612
HCN	2688
NFY	9990
HCM	1433
GCT	11627
GCY	7858
LTS	65525
LTR	58469
LTQ	40255
LTP	56709
LTW	11955
LTV	65546
LTT	51644
FMV	10776
FMW	1226
LTY	25601
FMR	8245
FMS	8829
FMP	8703
FMQ	6442
LTC	13525
FML	12570
FMM	3445
LTG	80948
LTF	33942
LTE	76580
LTD	61084
LTK	55581
FMG	12979
LTI	49614
LTH	24040
LTN	41925
LTM	19471
LTL	92910
GHT	20297
ECR	8281
TCY	4445
AYM	7800
AYL	39549
AYN	14909
AYI	22515
AYH	9829
AYK	19138
AYE	25970
AYD	22512
AYG	31299
AYF	17178
AYA	36333
AYC	5616
AYY	12777
AYT	19933
AYW	4798
AYV	26833
AYQ	17330
AYP	18161
AYS	25733
AYR	25756
FFW	4251
LAE	127620
FFT	18203
LAA	175653
FFP	14425
MEC	3164
FFG	24552
FFE	19456
LAW	16188
FFC	5255
FFA	24241
WPY	1764
WPT	4257
WPV	5866
WPW	1175
WPP	3533
WPQ	3085
WPR	3639
WPS	5394
WPL	8256
WPM	1933
WPN	2701
WPH	1777
WPI	4074
WPK	3677
WPD	5276
WPE	7038
WPF	3362
WPG	6423
WPA	6803
WPC	865
RAV	62129
TCL	12508
RPQ	18262
RPP	26759
RPS	33032
RPR	27827
RPT	23119
RPW	5788
RPV	34818
RPY	14134
RPA	36106
RPC	5312
RPE	33137
RPD	30027
RPG	44456
RPF	17476
RPI	24042
RPH	9756
RPK	19488
RPM	9407
RPL	48376
RPN	15068
TCH	4668
TCI	7680
IWG	7670
IWF	4395
IWE	5842
IWD	7637
IWC	1216
IWA	6994
IWN	6362
IWM	2047
IWL	9622
IWK	6363
IWI	5531
IWH	3463
IWW	1272
IWV	5994
IWT	5702
IWS	7248
IWR	6161
IWQ	5367
IWP	3805
TCF	5581
IWY	3436
FVN	24290
FVM	9959
FVL	41735
FVK	28847
FVI	25896
FVH	10702
FVG	36288
FVF	18941
FVE	34350
FVD	32412
FVC	7980
FVA	39201
FVY	12315
FVW	5227
FVV	32098
FVT	30226
FVS	35336
FVR	26783
FVQ	17037
FVP	25767
GHL	30413
FNV	20976
SKT	38531
SKW	6749
SKV	43199
GHM	6516
SKP	31290
SKS	50921
SKR	36771
SKY	22843
SKE	51482
SKD	35797
SKG	41644
SKF	22997
SKA	48456
SKC	7626
SKM	14451
SKL	63596
SKN	31007
SKI	44523
SKH	12884
SKK	51733
GES	45161
MFA	11127
GEQ	27385
GEP	42201
GEW	9682
GEV	68959
MFF	6974
MFG	13539
TCV	8616
MFI	7687
TCT	8197
MFK	7687
TCR	7846
TCS	11837
MFN	6696
TCQ	5583
MFP	7610
MFQ	5227
GEA	65116
MFS	11497
GEG	58358
TCK	7107
MFV	8988
GED	45403
GEK	57433
TCG	11443
GEI	58243
TCE	8045
GEN	31190
GEM	20021
GEL	79292
DDY	20808
DDS	33422
DDR	22245
DDQ	16039
DDP	26053
DDW	7406
DDV	47527
DDT	24824
DDK	28573
TCC	2802
DDI	42744
DDH	10725
DDN	20900
DDM	12989
DDL	67399
DDC	7282
DDA	46413
DDG	36127
DDF	28252
DDE	52691
DDD	49644
FNR	16197
GHI	20236
KDL	66150
KDM	13269
KDN	22891
QEE	39694
QED	21967
QEG	26398
KDK	41143
KDD	28576
KDE	38079
KDF	28481
KDG	46485
QEM	14410
KDA	48521
KDC	7614
QEQ	25170
QEP	15089
QES	25104
QER	31610
QET	23352
QEW	5093
QEV	34194
QEY	13682
KDV	45292
KDW	8118
KDP	25123
KDQ	18703
KDR	27765
KDS	35642
NDI	29129
NDH	7408
NDK	22135
HEW	2560
NDM	7912
NDL	42050
HER	13898
HES	12030
NDA	27282
NDC	4562
NDE	26413
NDD	23853
NDG	21704
NDF	18897
HED	11955
HEE	15565
HEF	9675
HEG	14389
HEA	18481
HEC	2986
NDQ	14226
HEM	6100
NDS	23388
NDR	16460
HEH	5724
NDT	18949
NDW	4425
NDV	26106
LVT	63597
LVW	10679
LVV	83905
LVQ	45147
LVP	54853
LVS	81693
LVR	67565
LVY	28531
LVE	92401
LVD	78671
LVG	91398
LVF	41638
LVA	106389
LVC	17505
LVM	23746
LVL	104521
LVN	53017
LVI	59559
LVH	26468
LVK	71714
MYY	3516
MYQ	5485
MYP	5656
MYS	8081
MYR	7147
MYT	5692
MYW	1192
MYV	6196
MYI	5578
MYH	2970
MYK	6166
MYM	2060
MYL	9991
MYN	5153
MYA	8642
MYC	1436
MYE	7401
MYD	6289
MYG	7682
MYF	4633
CQK	6337
CQI	4802
CQH	2678
CQN	4474
CQM	2630
CQL	9011
CQC	2389
CQA	7639
CQG	6372
CQF	3569
CQE	6833
CQD	5320
CQY	2758
CQS	6281
CQR	6108
CQQ	5593
CQP	4914
CQW	1160
CQV	6873
CQT	4921
ADY	29571
FLY	19311
FLQ	29744
LKG	65524
FLS	51847
LKE	106645
LKC	10611
LKA	89448
VHY	8387
VHT	15627
VHW	3003
FLN	33402
VHQ	11094
VHP	17197
VHS	17867
VHR	17693
VHM	5246
VHL	24521
VHN	10431
VHI	14661
VHH	8118
VHK	12012
VDH	17026
VHE	15432
VHD	13946
VHG	21859
VHF	11525
VHA	21478
FLC	10740
VHC	4909
LKR	68100
FLD	43553
LKP	47727
FLF	29784
GNY	17285
CKE	10852
CKD	7237
PAR	35251
CKF	4484
PAT	42829
PAV	49425
PAY	18947
WRF	4307
NTY	12843
WRD	8490
WRE	10056
WRC	1927
WRA	9342
WRN	5686
WRL	10246
WRM	2408
WRK	8045
WRH	3214
WRI	4899
WRV	6425
WRW	2577
WRT	5796
WRR	9810
WRS	7954
WRP	5273
WRQ	6957
WRY	3947
PAA	73825
GNC	7082
NTQ	13011
PAC	8670
ALG	119583
CKQ	5450
ALD	84095
CKP	6291
NTR	16704
CKS	7678
CKR	7057
NTT	26660
NTV	28579
CKY	4010
GNA	38261
FTQ	17156
FTP	23480
FTS	29947
FTR	20962
FTT	24996
FTW	4391
FTV	28681
FTY	11236
GNF	22633
NTN	18653
FTA	32542
NTA	28678
FTC	5737
FTE	25173
FTD	23965
FTG	32961
FTF	16790
FTI	21877
FTH	9749
FTK	23087
FTM	8513
FTL	36193
FTN	17071
ALR	106791
ALS	101810
NTG	25094
ALQ	67867
SMY	6481
SMW	2480
SMV	18452
SMT	13425
SMS	17132
SMR	12958
SMQ	9591
SMP	12630
SMN	10109
SMM	7266
SML	24590
SMK	14316
SMI	16221
SMH	4889
SMG	21594
SMF	11059
SME	16839
SMD	14846
SMC	3632
SMA	21996
GGT	58824
GGW	13193
GGV	80065
GGQ	38575
GGP	45846
MDL	22450
GGR	66161
MDC	3158
MDA	19626
MDF	11215
MDG	16914
MDD	13965
MDE	21432
GGE	56535
GGD	52244
GGG	127965
GGF	45217
GGA	92396
GGC	16230
GGM	28373
MDS	14680
MDP	10686
GGN	35817
GGI	64765
GGH	24966
MDT	12415
DFY	15949
DFT	25639
DFW	4755
DFV	34979
DFQ	16489
DFP	18459
DFS	34957
DFR	21163
DFM	8738
DFL	44228
DFN	18630
DFI	29617
DFH	9954
DFK	24200
DFE	31403
DFD	30674
DFG	28687
DFF	19916
DFA	33522
DFC	6137
GNH	10139
KFV	23459
KFW	3706
QKI	30707
QKH	9340
KFR	17810
QKN	16925
QKM	10851
KFQ	11124
QKC	5577
QKA	35433
QKG	25565
QKF	14767
QKE	32080
KFY	12644
KFF	15778
KFG	27626
KFD	22753
KFE	24677
KFC	6404
KFA	23705
KFN	16572
QKR	25362
KFL	34214
KFM	6774
QKW	4370
KFK	24287
KFH	8269
KFI	23386
HIP	14243
HGY	10459
HGV	24028
HGW	3956
HGT	16972
HGR	18100
HGS	20851
HGP	12279
HGQ	10605
HGN	13247
HGL	31526
HGM	7190
HGK	19852
HGH	11252
HGI	21184
HGF	14238
HGG	29779
HGD	19021
HGE	17852
HGC	4618
HGA	24709
NHC	2395
HIY	8329
NMP	8379
HIA	20547
NHV	9957
HID	17306
NHP	12548
EYA	25172
EYC	5941
NMQ	6835
EYE	23654
EYD	21243
LPY	26798
EYF	17833
LPW	12004
LPV	68721
EYK	19752
LPT	46150
LPS	64828
EYL	37945
LPQ	37021
LPP	63778
EYQ	14632
EYP	12088
LPM	16574
LPL	86861
LPK	51349
EYT	16082
LPI	48819
LPH	21823
EYY	13473
LPF	36859
LPE	75298
LPD	53697
LPC	10133
LPA	79329
HIL	24359
CSM	4662
CSL	16889
CSN	8595
CSI	9731
CSH	5018
CSK	9444
CSE	11831
CSD	9538
CSG	14497
CSF	8386
CSA	15022
CSC	5782
CSY	5870
CST	10049
CSW	2218
CSV	12777
CSQ	7339
CSP	9344
CSS	17966
CSR	9739
NMY	4425
NMD	9973
MFY	4823
VNG	40420
VNF	20078
VNE	34212
VND	30452
VNC	6530
VNA	40317
VNN	23780
VNM	10305
VNL	44342
VNK	30863
VNI	32844
VNH	12247
VNW	6207
VNV	36994
VNT	27145
VNS	33364
VNR	25037
VNQ	20052
VNP	28699
VNY	16307
RGP	27312
NMM	4375
NMK	9073
FGY	18498
RAN	23373
FGV	38046
FGW	7288
FGQ	19417
NMI	11162
RAH	18236
FGS	39739
IKS	44156
IKR	39436
IKQ	28783
IKP	31970
IKW	5439
IKV	41535
FGM	12315
IKY	17541
FGN	21061
IKC	6196
CDD	6622
IKA	55075
IKG	40097
IKF	18649
IKE	62562
IKD	43440
IKK	55856
FGH	14392
IKI	36000
IKH	13525
IKN	38493
IKM	11131
RAS	45126
FGK	29806
RAY	21260
CDG	10220
GAY	26133
GAW	11491
GAV	79757
GAT	65316
GAS	71573
GAR	59463
GAQ	36443
GAP	51188
GAN	38274
GAM	23156
GAL	98271
GAK	53020
GAI	57756
GAH	21288
GAG	102062
GAF	39531
GAE	61002
GAD	65432
GAC	13746
GAA	103727
CDA	9929
ETR	31414
CDC	3744
KMF	8094
ETP	33642
ETQ	23585
ETV	52390
QIM	8610
QIL	45015
QIN	18825
QII	28258
ETT	35975
QIK	27898
KHP	12204
QID	23363
QIG	26398
KHS	13414
QIA	37557
QIC	5163
KHW	2907
KHH	6462
KHI	16317
KHK	15210
KHL	26150
KHM	4594
KHN	9305
KHA	15254
QIW	4046
KHC	3707
EDK	36343
QIP	19291
QIS	28268
KHG	17801
KML	24413
ETC	8223
KMT	11587
ETF	27774
KMR	12593
ETD	31566
KMP	9529
ETL	82814
EWK	8042
EWI	9303
FPN	13371
EWN	5283
EWM	3999
EWL	16162
EWC	1819
EWA	9811
EWG	7624
EWF	5396
EWE	9065
EWD	6349
EWY	5618
EWS	7183
TVY	20386
EWQ	5886
EWP	3526
EWW	1591
EWV	9059
EWT	5742
LRA	94268
LRC	12945
LRE	95163
LRD	72495
LRG	67219
LRF	35063
LRI	47005
LRH	28578
LRK	69849
LRM	18846
LRL	88646
LRN	45560
LRQ	53716
LRP	48604
LRS	68066
LRR	81256
LRT	47250
LRW	10492
LRV	60282
LRY	27893
TVW	8098
TVM	16216
VRG	49218
VRF	27071
VRE	58065
VRK	40928
TVG	46349
TVF	27149
VRM	14081
CEG	8975
CEF	4926
CEE	12453
CED	7773
PKV	30572
CEA	11598
PKY	12689
KHT	10204
CEV	10894
PKA	31690
CES	7993
PKG	35735
CEQ	6828
PKE	33364
KHV	14968
PKL	36434
VLI	62111
VLH	29961
TTY	14889
VLM	26308
VLL	116431
VLN	52834
TTS	46873
TTR	29467
TTQ	20319
TTP	36309
VLE	91310
TTV	42623
VLG	93696
VLF	46623
VLY	30478
TTI	36293
TTH	12037
TTN	25302
TTM	11299
TTL	60828
TTC	8272
VLP	62235
VLS	87473
VLR	67253
TTG	43267
VLT	69100
TTE	34184
VLV	91167
IIT	39042
IIW	5822
IIV	40707
IIQ	23775
IIP	33475
IIS	52216
IIR	35306
IIY	18229
IIE	51886
IID	49529
IIG	59867
IIF	25672
IIA	62323
IIC	9269
IIM	11791
IIL	51388
IIN	38454
III	35028
IIH	15762
IIK	43605
SAK	46131
SAI	55539
SAH	18372
SAN	31695
SAM	20896
SAL	103418
SAC	13033
SAA	94997
SAG	64774
SAF	35132
SAE	55707
SAD	45073
SAY	24479
SAS	74627
SAR	45979
SAQ	34470
SAP	46641
SAW	10377
SAV	65518
SAT	52545
CHA	4757
CHC	1905
CHD	3264
CHE	3744
CHF	2953
CHG	6944
CHH	2061
CHI	4445
CHK	2805
CHL	6707
CHM	1351
CHN	2507
CHP	4694
CHQ	2707
CHR	4183
CHS	5478
CHT	4455
CHV	4572
CHW	593
CHY	2273
HFY	6442
AFL	55983
AFM	12404
AFN	22995
AFH	13956
AFI	31463
GCG	20217
AFK	28904
GCI	10172
AFE	35111
GCK	8160
AFG	44186
GCM	4135
AFA	55668
AFC	8827
GCQ	7099
GCP	10326
GCS	14798
GCR	10234
AFY	17777
GCW	2162
GCV	12630
AFT	30727
AFV	39175
AFW	5744
AFP	22176
AFQ	18731
AFR	28528
AFS	43747
HYM	2509
HYP	6986
CWY	930
CWQ	1655
CWP	1255
CWS	2041
CWR	1960
CWT	1502
CWW	439
CWV	1873
CWI	1741
CWH	1058
CWK	1876
CWM	807
CWL	3910
CWN	1468
CWA	2422
CWC	786
CWE	1927
CWD	1665
CWG	1794
CWF	1173
HYS	8605
WEC	1754
WEA	8753
WEG	8171
WEF	3823
WEE	9540
WED	6741
WEK	9761
WEI	6284
WEH	2997
WEN	5563
WEM	2881
WEL	9973
WES	6827
WER	7359
WEQ	5832
WEP	4910
WEW	1792
WEV	7576
WET	6026
WEY	2936
NFG	20833
NFF	14408
HCP	4573
HCQ	3279
WDY	3695
HCV	4257
HCT	3158
HFH	5581
HCY	1983
HFK	10396
HCC	1463
HCA	4891
HCF	2891
HCG	5230
HCD	4119
HCE	4212
VRS	42319
VRR	50347
VRQ	30869
VRP	29468
VRW	7668
VRV	48799
VRT	35279
TVT	52850
VRY	19923
TVV	56640
TVQ	26247
TVP	35983
TVS	50253
TVR	42910
VRC	9011
TVL	72793
VRA	59574
TVN	30418
TVI	45665
TVH	15495
TVK	44603
VRD	45529
TVE	56131
TVD	40888
VRI	36107
VRH	17189
TVA	64143
VRN	28944
TVC	10450
VRL	58891
YRH	8782
YRI	17193
YRK	19507
YRL	28840
YRM	7313
YRN	14489
YRA	22616
YRC	5437
YRD	21457
YRE	24188
YRF	12144
YRG	23552
YRY	12645
YRP	13896
YRQ	15521
YRR	21713
YRS	18528
YRT	15726
YRV	19841
YRW	3676
HFN	7629
QRA	34324
QRC	5982
QRD	19491
QRE	29359
QRF	19647
QRG	26546
QRH	10610
QRI	30275
QRK	23578
QRL	59079
QRM	10258
QRN	14805
QRP	17939
QRQ	24574
QRR	30219
QRS	24710
QRT	20575
QRV	33320
QRW	6358
QRY	15433
HPY	9167
HPS	18670
HPR	11703
HPQ	11271
HPP	9372
HPW	4035
HPV	17346
HPT	13936
HPK	10658
HPI	11929
HPH	9335
HPN	11828
HPM	4649
HPL	27213
HPC	2598
HPA	18247
HPG	18360
HPF	12352
HPE	24905
HPD	21776
THD	10931
TIY	17246
SCM	3239
MNY	6800
SCN	7506
SCI	8806
SCH	4762
SCK	8307
SCE	8851
SCD	8962
MNR	11468
SCF	7681
SCA	12052
SCC	5400
MNW	2109
MNH	4680
MNI	14842
MNK	13560
SCY	5320
MNM	4617
MNN	10245
MNA	15157
SCW	2378
SCV	11636
SCQ	7109
SCP	11225
MNF	7776
SCR	8641
QMY	4110
QMQ	8697
QMP	8554
QMS	10969
QMR	9541
QMT	8150
QMW	1951
QMV	13065
QMI	9937
QMH	3879
QMK	9909
QMM	4582
QML	20587
QMN	7556
QMA	15748
QMC	1818
QME	10852
QMD	8520
QMG	11142
QMF	5697
ADV	65277
ADW	10057
GMI	19562
GMH	6137
ADR	44932
ADS	45396
ADP	34810
ADQ	26382
GMC	3613
GMA	27170
GMG	27492
GMF	10053
GME	17998
GMD	18815
ADF	36797
ADG	64846
ADD	41992
ADE	54965
ADC	9947
ADA	84444
GMS	20651
GMR	16202
ADL	93794
GMP	17697
GMW	2273
GMV	26932
ADH	16180
ADI	61134
MPN	8718
FMY	3792
FMT	7912
KLD	51630
KLE	68226
KLF	39297
EST	32129
ESS	49324
KLA	82927
ESQ	25549
SCL	17017
KLL	103377
KLM	20849
KLN	46215
KLH	22859
KLI	63081
ESY	20384
KLK	73709
KLT	52935
ESF	31649
KLV	64098
ESD	35559
ESC	9926
KLQ	41804
ESA	48249
KLS	68823
ESN	23902
ESM	15866
ESL	80066
ESK	37122
KLY	31099
ESI	45320
ESH	15114
FMN	7779
LTA	86487
MNP	12174
MNQ	8593
SCG	14205
VEC	9149
MNS	12401
FMH	3986
MNT	10166
FMI	8018
FMF	4811
MNV	12454
FMD	9324
VEM	22441
FMC	2063
MNL	19147
FMA	11688
SCT	10317
MNC	3132
MND	10763
MNE	13563
YLE	35539
SCS	17970
MNG	10848
KLC	12637
WGE	7873
WGD	6782
WGG	11986
WGF	5150
WGA	10301
WGC	2141
WGM	2584
WGL	11430
WGN	5700
WGI	6658
WGH	3104
WGK	7620
WGT	7831
WGW	2132
WGV	8778
WGQ	6150
WGP	6384
WGS	8328
WGR	7269
WGY	4308
TIE	44431
VCC	3448
KDI	50002
FQA	19960
HDG	14085
VPT	33682
VPW	5534
VPV	59311
VPQ	21386
VPP	34183
VPS	43542
VPR	27840
VPY	18273
VPE	45784
VPD	30240
VPG	49820
VPF	27205
VPA	56848
VPC	8360
THV	13099
VPM	14807
VPL	59053
VPN	19095
VPI	33898
VPH	13228
VPK	27116
YPR	11542
YPS	16741
YPP	11657
YPQ	11054
YPV	16147
YPW	2928
YPT	13055
YPY	8414
THR	11436
YPC	2904
YPA	18224
YPF	11438
YPG	19911
YPD	18199
YPE	18561
YPK	11025
YPH	7867
YPI	15003
YPN	11578
YPL	22682
YPM	4374
HDC	2806
THG	19064
THE	12089
QPK	15550
QPH	8958
QPI	18881
QPN	12085
QPL	36599
QPM	6976
QPC	4170
QPA	26132
QPF	13756
QPG	28862
QPD	18550
QPE	23762
QPY	9217
GPR	30014
QPR	15405
QPS	25194
QPP	22711
QPQ	21020
QPV	27963
QPW	4580
QPT	18526
TPG	41492
TPF	21027
TPE	53498
TPD	32397
HRY	8521
TPA	50667
TPN	20334
TPM	11987
TPL	54204
TPK	28277
HRP	11358
TPI	31343
HRR	16449
HRM	5491
HRL	27728
TPT	34299
TPS	42158
TPR	26861
HRK	12500
TPP	34328
HRE	13326
HRD	17071
HRG	15599
HRF	10902
HRA	20394
TPY	16456
PYN	10300
RFS	27909
RFR	24925
RFQ	14409
RFP	18043
END	26183
RFV	29969
ENF	24712
ENG	46090
ENH	9780
ENI	44303
RFY	14029
ENK	32399
ENL	57762
ENM	14183
ENN	24913
ENP	29253
ENQ	19785
ENR	24945
ENS	32772
RFG	36089
RFF	20860
RFE	25941
ENW	6316
RFK	21606
ENY	19647
RFI	25300
RFH	9267
RFN	15671
RFM	9359
RFL	43958
NIQ	18859
PYC	4244
SEW	7662
SEV	49490
SET	39425
SES	50985
SER	39081
SEQ	29259
SEP	26839
SEY	21185
SEG	43407
SEF	27566
SEE	66525
SED	44659
SEC	8413
SEA	58394
SEN	33216
SEM	16763
SEL	75948
SEK	45617
SEI	49627
SEH	15992
IMA	19113
CLM	4858
IMC	2238
IME	16175
CLI	12597
IMG	16472
IMF	6663
CLD	13340
IMH	4703
IMK	14294
PDT	25717
PDS	31504
IML	18013
PDQ	16520
CLC	5198
IMQ	8389
PDN	19205
PDM	11528
IMR	11415
PDK	21556
CLY	6362
IMW	1454
PDH	10740
PDG	43180
PDF	21623
CLV	15173
PDD	27332
CLP	13493
CLQ	9880
CLR	13956
CLS	17954
FDT	22671
GMK	16603
ADT	38288
GMN	12605
GMM	9297
GML	29893
MLC	5672
MLA	37267
MLF	14138
MLG	29234
MLD	27693
MLE	32238
MLK	27338
MLH	9430
MLI	19402
MLN	17945
MLL	36498
MLM	10428
MLR	26618
MLS	28775
MLP	19456
MLQ	19904
MLV	25240
MLW	3260
MLT	24541
MLY	11426
NRK	20802
NRI	27279
NRH	9049
NRN	17290
NRM	9161
NRL	41988
NRC	4807
NRA	26250
NRG	20224
NRF	18321
NRE	22241
NRD	17744
NRY	13166
NRS	22424
NRR	22970
NRQ	14414
NRP	17992
NRW	4712
NRV	27028
NRT	20944
ADN	25943
WNM	1990
GMQ	11104
ADM	19675
WNS	6627
ADK	44631
GMT	20283
KNN	25858
KNL	51840
KNM	12180
KNK	39861
KNH	10649
KNI	42000
EQQ	28158
KNG	36062
EQS	25829
KNE	26749
EQT	23446
EQW	6311
KNA	33804
EQI	38356
EQH	12073
EQK	28763
EQM	15352
EQL	72659
EQN	18142
KNV	35347
KNW	6517
KNT	23708
EQE	38624
EQD	22321
KNP	24984
EQF	21451
NTF	17745
YKC	5803
YKA	20187
YKG	20276
YKF	9818
YKE	23023
YKD	20211
YKK	21370
YKI	17315
YKH	6881
YKN	16909
YKM	5541
YKL	24126
YKS	17316
YKR	15706
YKQ	11505
YKP	12352
YKW	3192
YKV	19246
YKT	15370
YKY	9280
TWC	1287
TWK	6213
TWH	2892
LCV	14493
WAM	3248
WAL	14689
WAK	8814
WAI	8277
WAH	4156
WAG	9797
TWN	6108
WAE	9083
WAD	8504
WAC	2335
RNI	27859
WAA	13955
HQV	12149
WAY	3639
WAW	2792
WAV	9546
WAT	7694
WAS	10079
WAR	9032
WAQ	5873
WAP	6751
TWR	6128
RNM	9155
HQI	10724
RNL	43536
TWQ	5140
TWV	6945
HQM	3894
TWT	6820
RND	18449
HQC	2693
RNY	13994
LCN	10450
RNQ	14894
RNP	21616
CLE	15346
LCK	13512
LCI	11577
VVY	24196
VVW	8495
VVV	80926
VVT	57099
VVS	65955
VVR	53236
VVQ	30746
VVP	43853
VVN	40337
VVM	20425
VVL	86910
VVK	53915
VVI	58737
VVH	19009
VVG	76240
VVF	36369
VVE	72875
VVD	67968
VVC	14288
VVA	96866
YVT	20495
YVV	23513
YVW	4373
YVP	21267
YVQ	12814
YVR	19326
PYY	10554
YVY	9702
YVD	24031
YVE	23080
YVF	13424
YVG	24903
YVA	27896
YVC	6730
YVL	34394
YVM	7097
YVN	16363
YVH	8870
YVI	18872
YVK	21400
CLA	19348
PYQ	9944
IPH	13167
ESW	8166
IPI	30414
ESV	49321
IPN	22388
KLG	68292
IPL	49535
IPM	12802
ESR	34077
QVL	56210
QVM	12177
QVN	18037
QVH	9952
QVI	32778
QVK	28791
QVD	24572
QVE	34157
QVF	21011
QVG	29828
QVA	44985
QVC	6231
PYK	13273
QVY	13882
QVT	27638
PYL	25772
QVV	39707
QVW	5300
QVP	23444
QVQ	20563
QVR	27892
QVS	30773
TRI	32033
TRH	13346
TRK	27824
TRM	11173
TRL	47965
TRN	19706
TRA	42239
TRC	5900
TRE	37886
TRD	29930
TRG	31213
TRF	20860
TRY	14714
TRQ	18733
TRP	24170
TRS	33701
TRR	32443
TRT	28970
TRW	5940
TRV	33075
HTG	22778
HTF	10450
HTE	11733
HTD	11866
HTC	3168
HTA	17811
HTN	7837
HTM	3991
HTL	25650
HTK	9594
ESE	47156
HTI	12923
HTH	6633
HTW	2358
HTV	16935
KLW	10667
HTS	16270
HTR	9938
HTQ	7570
HTP	13093
KLP	46046
HTY	5539
HDW	2845
KLR	57429
HDV	15642
HDT	9128
HDR	9847
HDP	10995
RDT	25867
ELH	25622
ELI	74850
ELN	47908
RDP	24574
ELL	133074
RDR	36893
ELC	16750
ELA	115068
RDY	20498
ELG	81326
ELD	64721
ELE	96401
RDE	38095
RDD	28661
RDG	45206
ELY	31490
RDA	49015
RDC	7246
RDM	12402
RDL	63579
ELP	54400
ELQ	51724
ELV	86323
RDH	13411
ELT	64198
LEA	109940
LEC	12072
LED	75167
LEE	114469
LEF	34386
LEG	75157
LEH	28442
LEI	61247
LEK	106676
LEL	96919
LEM	25468
LEN	67678
LEP	44005
LEQ	62418
LER	85019
LES	74269
LET	62671
LEV	70613
LEW	10854
LEY	28880
HDA	15051
SGY	29442
MPM	4883
SGQ	33566
SGP	39524
SGS	82540
SGR	52049
SGT	55222
SGW	11216
SGV	64124
SGI	55273
SGH	21451
SGK	67664
SGM	21140
SGL	83419
SGN	38988
SGA	77839
SGC	12975
SGE	57852
SGD	45654
SGG	85186
SGF	35767
CNV	6417
CNW	1202
ICI	8726
ICH	4629
CNR	4978
CNS	7423
CNP	6337
CNQ	3862
ICC	3254
ICA	10842
ICG	13933
ICF	7167
ICE	10897
ICD	10626
CNF	4012
CNG	7151
CND	4816
CNE	7124
CNC	2336
CNA	6722
CNN	5013
ICR	9991
CNL	8908
ICP	7285
ICW	1911
CNK	6104
CNH	2980
ICT	8514
PFA	25393
PFC	5789
PFE	18832
PFD	19409
PFG	21477
PFF	18692
PFI	24278
PFH	10263
PFK	15382
PFM	8031
PFL	35633
PFN	11811
PFQ	11456
PFP	17656
PFS	26435
PFR	15889
PFT	21847
PFW	4491
PFV	26411
PFY	14007
TMT	12017
GIW	7198
GIV	62922
GIT	52630
GIS	57816
GIR	42104
GIQ	25171
GIP	50488
GIY	25483
GIG	68920
GIF	28927
GIE	53574
GID	57308
GIC	13373
GIA	67131
GIN	34708
GIM	15730
GIL	67169
GIK	47609
GII	54758
GIH	18280
NPM	8505
AHC	5275
AHA	29356
AHF	13669
AHG	27647
NPK	26818
AHE	18140
NPE	35118
NPD	32946
NPG	23273
NPF	18589
AHN	11153
AHL	34510
AHM	6205
AHR	19743
AHS	18717
AHP	18917
AHQ	12046
AHV	21693
AHW	4069
AHT	15028
NPT	25326
NPW	4704
NPV	27021
NPQ	17983
NPP	16970
NPS	28914
NPR	20471
PLG	49576
CDV	11035
CDW	1626
PLC	10008
KPP	19784
KPQ	17962
KPR	21761
KPS	33662
KPT	27821
PLA	67201
KPV	38629
KPW	5720
KPY	17740
KPA	33847
KPC	5328
KPD	25251
KPE	40815
KPF	21392
KPG	39584
KPH	10055
KPI	28482
KPK	31062
KPL	46936
KPM	9297
KPN	17157
SHI	17111
YIE	21989
YID	22408
YIG	23286
YIF	11809
YIA	22157
YIC	5544
YIM	5138
YIL	26673
YIN	16788
YII	17223
YIH	8134
YIK	20271
YIT	17953
YIW	2986
YIV	18541
YIQ	11743
YIP	18887
YIS	21904
YIR	17317
YIY	10252
RHV	16160
WCQ	1435
WCP	2114
WCS	1823
WCR	1872
WCT	1449
WCW	452
WCV	1992
WCY	999
WCA	2125
WCC	756
WCE	1861
WCD	1742
WCG	2614
WCF	1387
WCI	2079
WCH	884
WCK	1443
WCM	388
LNL	69942
WCN	1206
TMC	2443
TME	13179
LNI	45340
MTY	6761
YTY	8864
YTV	17861
YTW	3095
YTT	17093
YTR	15844
YTS	20640
YTP	17123
YTQ	9670
YTN	11889
YTL	26992
YTM	5654
YTK	15019
YTH	8080
YTI	18252
YTF	11686
YTG	23339
YTD	16796
YTE	16493
YTC	5575
YTA	22796
FNW	3644
CML	4446
QTV	28860
QTW	4422
QTT	18844
QTR	19749
QTS	22565
QTP	20569
QTQ	15921
QTY	10531
QTF	14024
QTG	26296
QTD	15139
QTE	21692
QTC	4932
QTA	30455
QTN	13145
QTL	49849
QTM	8616
QTK	18415
QTH	8655
QTI	25836
TLS	74351
TLR	60880
TLQ	42145
PCQ	4173
TLW	10436
GTE	39436
GTF	29748
GTG	69608
VTI	45051
GTI	46785
TLY	27219
GTK	33254
VTM	14062
VTL	72161
GTN	23930
VTN	29960
VTQ	25394
GTQ	23694
TLA	94620
VTR	37658
TLG	66492
TLF	40638
TLE	70912
VTV	65813
TLK	61089
GTY	22350
TLI	53108
TLH	25365
TLN	42132
TLM	20484
TLL	101988
HVI	17246
HVH	7661
HVK	13379
HVM	5460
HVL	26537
HVN	11509
HVA	21857
HVC	4045
ARW	9194
HVE	18047
HVD	21358
HVG	18180
HVF	11598
HVY	7476
HVQ	9349
HVP	15159
HVS	18069
HVR	14268
HVT	15764
HVW	3395
HVV	20493
CMY	1414
CMV	3922
QFY	9418
CMT	2640
PCF	4562
PCG	9633
CMQ	1833
CMP	1965
QFW	3016
LGK	70460
LGH	31075
LGI	89267
LGN	48211
LGL	134304
LGM	32107
LGC	19772
LGA	107097
LGF	57144
LGG	99195
LGD	64940
LGE	74625
LGY	38796
LGR	66487
LGS	73794
LGP	49658
LGQ	44595
LGV	92236
LGW	16506
LGT	61160
VYR	22371
GSP	43435
GSS	77734
VYQ	14715
VYW	3841
GSW	11695
GSV	66011
QFA	18872
TIT	41953
IAM	21974
IAL	81506
IAN	37515
IAI	49281
IAH	22296
IAK	58315
IAE	73688
IAD	58036
IAG	73198
IAF	31680
IAA	95199
IAC	12442
TIQ	22185
KEL	98005
IAY	24818
IAT	50662
IAW	8661
IAV	59993
IAQ	41328
IAP	39205
IAS	61544
IAR	59977
PHK	8342
GSA	65684
PHI	14366
PHH	7973
PHN	7059
PHM	4218
PHL	22414
PHC	4231
PHA	14054
PHG	16255
GSC	15589
PHE	9914
PHD	8808
PHY	6674
VYA	26145
PHS	14429
TIH	14543
PHQ	8458
PHP	13767
PHW	2833
PHV	14728
TII	34284
VYD	24728
TIK	38341
FFR	14977
GSI	52066
GSH	17788
GSK	40832
TIG	39869
GSM	18899
TIA	53174
ILM	19466
GSN	33237
GKY	24840
MHL	8032
MHM	1772
MHK	4456
MHH	3197
MHI	4999
MHF	4261
GKP	46417
GKS	61639
GKR	43764
GKT	72747
GKW	8126
GKV	64735
GKI	54806
GKH	16142
GKK	61070
HKY	5809
GKM	15171
GKL	72261
GKN	30781
GKA	61079
MHW	1145
MHT	4299
GKE	48154
GKD	42532
GKG	63626
GKF	23748
AND	25394
NVV	39550
ANF	19878
NVT	33357
NVS	35581
NVR	23656
NVQ	17516
NVP	27778
ANL	50650
ANM	12990
ANN	21956
ANH	11356
ANI	37023
NVY	15186
ANK	30451
ANT	26095
NVF	19540
NVE	32959
NVD	29313
ANP	32591
ANQ	20711
NVA	36005
ANS	34394
NVN	23074
NVM	10481
NVL	51872
NVK	30190
NNE	21048
NVI	34407
NVH	11928
HKQ	7929
NNC	4540
RHL	29547
HKT	10553
KRY	21523
NNY	13198
KRR	44464
KRS	33393
KRP	26282
KRQ	24667
KRV	44783
KRW	7370
KRT	29258
KRK	47810
KRH	14542
KRI	44054
KRN	22781
KRL	70938
KRM	16533
KRC	6945
KRA	46207
KRF	29338
KRG	38664
KRD	26212
KRE	37633
HKA	14315
HKF	7522
EDC	10368
NNQ	15178
HKE	12878
ILQ	39265
AKR	57798
WMY	1514
GLC	16876
WMS	3577
WMR	2954
WMQ	1673
WMP	2500
WMW	556
WMV	3854
AKV	59419
WMK	2909
WMI	3136
WMH	1611
WMN	2112
WMM	1728
WML	4372
WMC	804
WMA	4473
AKT	43380
WMG	3466
WMF	1795
WME	3571
WMD	2752
GFV	38565
AKC	8307
EDI	50094
GLR	68748
AKG	55541
GLV	85417
AKD	44336
SQF	19492
EEV	79646
TNI	24640
EER	55575
EEH	19211
GVK	52454
GVH	19955
TNV	25091
GVN	38325
TNP	25932
GVL	87804
GVM	23067
GVC	14614
GVA	75999
TNY	12550
GVG	72908
GVD	59891
GVE	63259
TNE	23558
TND	20213
TNG	25638
GVY	26717
TNA	27289
TNC	6182
GVR	48576
TNL	36639
GVP	59944
GVQ	30648
GVV	77380
GVW	9059
TNK	21872
HHS	8458
NKA	29292
HHQ	6872
NKC	5450
NKD	24910
NKE	32302
NKF	17570
HHT	6922
NKH	8743
NKI	37310
HHY	4531
NKK	36367
NKL	47041
NKM	11302
NKN	24283
NKP	20815
NKQ	15868
NKR	22505
NKS	25163
HHG	9107
HHF	6237
NKV	31229
NKW	5161
HHK	5203
NKY	16675
HHI	7916
HHH	12680
HHN	5958
HHM	3522
HHL	15088
EHV	19138
EHW	3132
EHT	11796
EHR	12963
EHS	15475
EHP	16362
EHQ	9856
EHY	9712
EHF	13629
EHG	23391
EHD	11994
EHE	14207
EHC	4743
EHA	21828
EHN	9931
EHL	32162
EHM	6129
EHK	12549
EHH	7512
EHI	19006
LAL	148683
LAM	34767
LAN	59047
LAH	36280
LAI	74572
FFY	9651
LAK	101794
LAD	99990
FFV	19516
LAF	50350
LAG	118213
FFS	25545
GFF	23059
FFQ	11078
LAC	19832
FFN	15813
FFM	5879
FFL	28717
FFK	17794
LAY	37863
FFI	19781
FFH	7758
LAT	80425
FFF	13663
LAV	99742
FFD	20293
LAP	64534
LAQ	75422
LAR	104482
LAS	103729
DTK	22587
DTI	35842
DTH	10107
DTN	17640
DTM	11337
DTL	58374
DTC	7233
DTA	41566
DTG	33965
DTF	22526
DTE	28707
DTD	27118
DTY	15938
DTS	33953
DTR	22593
DTQ	15595
DTP	29983
DTW	7231
DTV	43662
DTT	26312
IGW	7941
IGV	55178
IGT	43957
IGS	49997
IGR	44904
IGQ	32515
IGP	30914
IGY	23454
IGG	67007
IGF	32824
IGE	48416
IGD	45691
IGC	11889
IGA	67025
IGN	30809
IGM	16958
IGL	67020
IGK	45625
IGI	53521
IGH	21324
RMV	16694
MVP	12050
MVQ	12146
MVR	18329
MVS	19688
MVT	17594
MVV	21596
MVW	3255
MVY	7941
MVA	26022
MVC	4422
MVD	19491
MVE	24306
MVF	11654
MVG	21416
MVH	7301
MVI	16444
MVK	19530
MVL	27991
MVM	9493
MVN	13005
ALN	60195
ALL	166517
ALM	35429
ALK	95633
ALH	33706
ALI	82319
ALF	54887
NTP	22972
NTS	27262
ALE	114149
ALC	21254
NTW	4491
ALA	181861
NTI	27651
NTH	8146
NTK	19953
NTM	8232
NTL	43542
ALY	38569
ALV	106988
ALW	15560
ALT	84122
NTE	20105
NTD	19634
ALP	69266
ERA	64017
ANW	6047
KTY	19547
KTT	37265
KTV	47145
KTW	7114
KTP	28223
KTQ	19567
KTR	29348
KTS	36026
KTL	69813
KTM	12379
KTN	22465
KTH	13938
KTI	41911
KTK	37863
KTD	24846
KTE	33441
KTF	27950
KTG	44119
KTA	45825
KTC	7634
YMQ	3959
YMP	5498
YMS	6142
YMR	6230
YMT	5794
YMW	849
YMV	7414
YMY	3053
YMA	8497
YMC	1316
YME	6472
YMD	6964
YMG	8506
YMF	4017
YMI	5482
YMH	3624
YMK	6900
YMM	2985
YML	9617
YMN	5316
CGI	13054
CGK	20422
CGM	4777
PMQ	6096
CGN	9335
TQI	21101
CGD	11006
SKQ	26322
CGY	6302
CGQ	7233
PMM	6267
PMN	7098
PMI	10340
PMK	7048
GER	51258
MFC	2469
MFD	9738
MFE	10871
GET	51096
MFH	3332
TCW	1759
GEY	23188
MFL	13427
MFM	3271
TCP	9166
TCN	6224
MFR	10582
TCM	2804
MFT	8643
GEF	29834
GPL	45684
GPM	13863
GPN	20360
GPH	11214
GPI	25662
THY	8521
GPK	25848
GPD	24673
GPE	32807
GPF	18292
GPG	53015
THS	16563
GPA	44922
THQ	9084
GPC	8341
THN	8504
THM	4112
THL	25354
THK	12277
GPY	13648
THI	13847
THH	6780
GPT	28579
THF	10531
GPV	42593
GPW	6067
GPP	30828
TCD	6671
THA	14318
GPS	35341
NIK	33368
NIH	12343
NII	37045
NIN	28860
NIL	51370
NIM	9816
NIC	6579
NIA	35364
NIF	21185
NIG	33596
NID	31575
NIE	32736
NIY	16403
NIR	24674
NIS	37703
NIP	30145
TCA	10041
NIV	34793
NIW	4996
NIT	30498
FDA	35078
FDC	5838
FDE	35692
FDD	26148
FDG	30625
FDF	19851
FDI	28579
FDH	10684
FDK	27308
FDM	8416
FDL	41082
FDN	19073
FDQ	16917
FDP	25218
FDS	27460
FDR	26140
GDF	29687
FDW	5636
FDV	35027
FDY	16308
EFY	16766
EFP	16721
EFQ	15740
EFR	20859
EFS	29503
EFT	24375
EFV	32712
EFW	5219
EFH	8944
EFI	28833
EFK	26380
EFL	46108
EFM	9361
EFN	17229
EFA	33946
EFC	7763
EFD	28936
EFE	30810
EFF	20702
EFG	29767
RNK	21953
LCW	2902
LCT	12511
RNH	9193
LCR	16001
LCS	17654
LCP	10784
LCQ	10552
RNC	6120
RNA	30908
RNG	27874
RNF	19100
RNE	24535
LCY	7944
LCF	9779
LCG	22667
LCD	15947
LCE	15858
LCC	5557
LCA	19013
RNS	24098
RNR	24529
LCL	24419
LCM	4271
RNW	5498
RNV	28090
LCH	7158
RNT	20298
DVM	17373
DVL	83841
DVN	29314
DVI	57077
DVH	15079
DVK	39595
DVE	51561
DVD	45410
DVG	35886
DVF	30212
DVA	62379
DVC	9006
DVY	22908
DVT	43446
DVW	9163
DVV	69946
DVQ	26070
DVP	35523
DVS	47334
DVR	35996
MSW	3163
IEY	20344
IEQ	38654
IEP	26947
IES	45504
IER	52496
IET	44550
IEW	6849
IEV	49827
IEI	44064
IEH	17070
IEK	67227
IEM	15095
IEL	59644
IEN	41879
IEA	71240
IEC	8370
IEE	69640
IED	47499
IEG	47827
IEF	23152
PLW	9285
CDE	10326
CDF	6103
PLT	50464
PLS	62059
PLR	43317
PLQ	29125
PLP	58980
CDL	13157
CDM	3296
CDN	5171
CDH	2836
CDI	9015
PLY	23810
CDK	8324
CDT	6116
PLF	33882
PLE	44783
PLD	42275
CDP	8404
CDQ	4439
CDR	8092
CDS	8353
PLN	29124
PLM	18477
PLL	87481
PLK	37825
CDY	4488
PLI	48681
PLH	21654
VTE	48775
TPC	6076
VTD	44713
HRT	9507
HRW	2893
HRV	17360
MTR	14903
MTS	17693
MTP	15082
MTQ	11165
MTV	17487
MTW	2555
MTT	17308
MTK	15667
MTH	5948
MTI	14909
MTN	12122
HRS	16541
MTL	23784
MTM	5716
MTC	2991
MTA	21333
MTF	9466
MTG	17800
MTD	17651
MTE	18715
ARP	34432
ARQ	42937
ARR	70679
ARS	47976
ART	40412
ARV	57667
TPV	42189
ARY	25897
ARA	86957
VTF	30186
ARC	10440
ARD	42417
ARE	69069
ARF	34128
ARG	61288
ARH	23823
ARI	51098
ARK	51140
ARL	92292
ARM	21431
ARN	30626
HRH	8507
LHE	27868
TPQ	25067
HRC	3425
KVF	30401
KVG	44651
KVD	39568
KVE	52594
KVC	9283
KVA	59918
KVN	30482
KVL	78948
KVM	16168
KVK	50286
KVH	13402
KVI	53531
KVV	58823
KVW	8318
KVT	45437
KVR	38760
KVS	44626
KVP	29750
KVQ	23928
KVY	23629
QEA	43376
YCY	2933
YCS	6834
YCR	5441
YCQ	3504
YCP	5610
YCW	864
YCV	5511
YCT	4753
YCK	4693
YCI	4504
YCH	2557
YCN	4394
YCM	1637
YCL	7760
YCC	1969
KDH	11735
YCA	5026
YCG	7409
YCF	3751
YCE	5268
YCD	5473
QEF	18260
QEI	35703
QEH	11165
QEK	33386
QEL	58871
QEN	19174
KDY	21808
KDT	27068
WIG	10464
WIF	4823
WIE	8329
WID	6862
WIC	2409
WIA	9391
WIN	5893
WIM	2050
WIL	9852
WIK	7172
WII	6469
WIH	3189
WIW	2892
WIV	7016
WIT	7063
WIS	7680
WIR	6823
WIQ	4484
WIP	5435
WIY	3752
HET	11916
TWI	7175
HEV	18112
HEP	7893
HEQ	9678
NDN	19501
VTW	7762
HEY	7525
NDY	14335
